Site,SubSite,CaptureDate,Species,IndividualID,SVLmm,Sex,Age,MassG,BdSample,SwabLost,SwabID,BdResult,TargetCopies/swab,HgSampleID,Notes,potential_injury_effect,flagged,reason,dead
SMNWR_E,SMNWR1601,1/21/21,NOVI,NV20.5-019,18,U,J,3.34,Y,0,1903700421,neg,0,,,0,0,,
SMNWR_E,SMNWR1601,2/9/21,NOVI,NV20.5-047,52,M,A,4.23,Y,0,1903700465,neg,0,,,0,0,,
SMNWR_W,SMNWR3001,4/3/19,NOVI,NV-001,46,M,A,2.84,Y,1,1603000349,,,,,0,0,,
SMNWR_W,SMNWR3001,4/3/19,NOVI,NV-002,48,M,A,3.87,Y,1,1603000350,,,,,0,0,,
SMNWR_W,SMNWR3001,4/3/19,NOVI,NV-003,47,F,A,3.4,Y,1,1603000351,,,,,0,0,,
SMNWR_W,SMNWR3001,4/16/19,NOVI,NV-003,46,F,A,2.43,Y,1,1902300094,,,19ARMI0975,,0,0,,
SMNWR_W,SMNWR3001,2/20/20,NOVI,NV-003,46,F,A,2.01,Y,0,1903700076,neg,0,,VIA unreadable,0,1,not sure about this note with a unique AnimalID still recorded,
SMNWR_W,SMNWR3001,4/3/19,NOVI,NV-004,50,M,A,3.8,Y,1,1603000352,,,,,0,0,,
SMNWR_W,SMNWR3001,4/3/19,NOVI,NV-005,45,M,A,4.12,Y,1,1603000353,,,,,0,0,,
SMNWR_W,SMNWR3001,12/15/18,NOVI,NV-005,49,M,A,4.28,Y,1,1603000376,,,,,0,0,,
SMNWR_W,SMNWR3001,4/3/19,NOVI,NV-006,48,F,A,3.42,Y,1,1603000354,,,,,0,0,,
SMNWR_W,SMNWR3001,4/18/19,NOVI,NV-006,47,F,A,3.31,Y,1,1902300112,,,19ARMI0951,,0,0,,
SMNWR_W,SMNWR3001,4/3/19,NOVI,NV-007,49,F,A,3.57,Y,1,1603000355,,,,,0,0,,
SMNWR_W,SMNWR3001,4/3/19,NOVI,NV-008,46,F,A,3.39,Y,1,1603000356,,,,,0,0,,
SMNWR_W,SMNWR3001,2/24/20,NOVI,NV-008,49,F,A,3.67,Y,0,1903700135,neg,0,,,0,0,,
SMNWR_W,SMNWR3001,2/25/20,NOVI,NV-008,48,F,A,3.32,Y,0,1903700148,pos,396.72,,,0,0,,
SMNWR_W,SMNWR3001,3/6/20,NOVI,NV-008,49,F,A,3.69,Y,0,1903700254,pos,1994.70,,,0,0,,
SMNWR_W,SMNWR3001,4/3/19,NOVI,NV-009,46,M,A,5.79,Y,1,1603000357,,,,,0,0,,
SMNWR_W,SMNWR3001,4/5/19,NOVI,NV-009,43,M,A,2.98,Y,1,1902300060,,,,,0,0,,
SMNWR_W,SMNWR3001,4/15/19,NOVI,NV-009,46,M,A,3,Y,1,1902300081,,,19ARMI0998,,0,0,,
SMNWR_W,SMNWR3001,4/16/19,NOVI,NV-009,46,M,A,3.06,Y,1,1902300095,,,,,0,0,,
SMNWR_W,SMNWR3001,4/3/19,NOVI,NV-010,50,F,A,3.47,Y,1,1603000358,,,,,0,0,,
SMNWR_W,SMNWR3001,5/8/19,NOVI,NV-010,50,U,A,3.36,Y,1,1902300147,,,19ARMI0966,lost original VI Alpha and was replaced,0,1,Same kind of comment,
SMNWR_W,SMNWR3001,4/3/19,NOVI,NV-011,43,M,A,3.45,Y,1,1603000359,,,,,0,0,,
SMNWR_W,SMNWR3001,4/3/19,NOVI,NV-012,46,F,A,3.18,Y,1,1603000360,,,,,0,0,,
SMNWR_W,SMNWR3001,4/3/19,NOVI,NV-013,47,F,A,3.37,Y,1,1603000361,,,,,0,0,,
SMNWR_W,SMNWR3001,4/3/19,NOVI,NV-014,43,F,A,2.92,Y,1,1603000362,,,,,0,0,,
SMNWR_W,SMNWR3001,4/3/19,NOVI,NV-015,43,M,A,3.08,Y,1,1603000363,,,,,0,0,,
SMNWR_W,SMNWR3001,2/27/20,NOVI,NV-015,46,M,A,2.77,Y,0,1903700195,pos,3746.52,,,0,0,,
SMNWR_W,SMNWR3001,4/3/19,NOVI,NV-016,48,M,A,3.52,Y,1,1603000364,,,,shedding skin,0,0,,
SMNWR_W,SMNWR3001,4/3/19,NOVI,NV-017,47,F,A,3.5,Y,1,1603000365,,,,,0,0,,
SMNWR_W,SMNWR3001,4/3/19,NOVI,NV-018,47,M,A,3.34,Y,1,1603000366,,,,,0,0,,
SMNWR_W,SMNWR3001,4/16/19,NOVI,NV-018,48,M,A,3.44,Y,1,1902300096,,,19ARMI0962,,0,0,,
SMNWR_W,SMNWR3001,4/3/19,NOVI,NV-019,47,M,A,3.39,Y,1,1603000379,,,,,0,0,,
SMNWR_W,SMNWR3001,4/3/19,NOVI,NV-020,48,M,A,4.4,Y,1,1603000380,,,,,0,0,,
SMNWR_W,SMNWR3001,4/3/19,NOVI,NV-021,43,F,A,2.23,Y,1,1603000381,,,,,0,0,,
SMNWR_W,SMNWR3001,4/17/19,NOVI,NV-021,43,F,A,2.32,Y,1,1902300108,,,19ARMI0982,,0,0,,
SMNWR_W,SMNWR3001,7/23/20,NOVI,NV-021,39,F,A,1.42,Y,0,1903700314,neg,0,,new via,0,1,Does this mean it may have been a recap but we don’t know?,
SMNWR_W,SMNWR3001,4/3/19,NOVI,NV-022,31,F,A,1.4,Y,1,1603000382,,,,,0,0,,
SMNWR_W,SMNWR3001,4/3/19,NOVI,NV-023,46,F,A,3.16,Y,1,1603000383,,,,,0,0,,
SMNWR_W,SMNWR3001,2/27/20,NOVI,NV-023,42,F,A,1.49,Y,0,1903700196,neg,0.00,,,0,0,,
SMNWR_W,SMNWR3001,4/3/19,NOVI,NV-024,45,M,A,3.45,Y,1,1603000384,,,,,0,0,,
SMNWR_W,SMNWR3001,4/3/19,NOVI,NV-025,45,M,A,2.69,Y,1,1603000385,,,,,0,0,,
SMNWR_W,SMNWR3001,4/3/19,NOVI,NV-026,43,M,A,2.69,Y,1,1603000386,,,,,0,0,,
SMNWR_W,SMNWR3001,4/15/19,NOVI,NV-026,44,M,A,2.65,Y,1,1902300080,,,19ARMI1003,,0,0,,
SMNWR_W,SMNWR3001,4/17/19,NOVI,NV-026,48,M,A,2.59,Y,1,1902300109,,,,,0,0,,
SMNWR_W,SMNWR3001,4/3/19,NOVI,NV-027,46,F,A,3.27,Y,1,1603000387,,,,,0,0,,
SMNWR_W,SMNWR3001,4/3/19,NOVI,NV-028,45,M,A,3.21,Y,1,1603000388,,,,,0,0,,
SMNWR_W,SMNWR3001,4/16/19,NOVI,NV-028,45,M,A,3.1,Y,1,1902300098,,,19ARMI0956,,0,0,,
SMNWR_W,SMNWR3001,4/3/19,NOVI,NV-029,45,M,A,2.93,Y,1,1603000389,,,,,0,0,,
SMNWR_W,SMNWR3001,4/3/19,NOVI,NV-030,41,M,A,2.64,Y,1,1603000390,,,,,0,0,,
SMNWR_W,SMNWR3001,4/3/19,NOVI,NV-031,50,F,A,3.87,Y,1,1603000391,,,,,0,0,,
SMNWR_W,SMNWR3001,4/3/19,NOVI,NV-032,46,F,A,2.79,Y,1,1603000392,,,,,0,0,,
SMNWR_W,SMNWR3001,4/3/19,NOVI,NV-033,49,F,A,2.58,Y,1,1603000393,,,,,0,0,,
SMNWR_W,SMNWR3001,4/3/19,NOVI,NV-034,47,F,A,3.55,Y,1,1603000394,,,,,0,0,,
SMNWR_W,SMNWR3001,4/3/19,NOVI,NV-035,43,M,A,2.57,Y,1,1603000395,,,,,0,0,,
SMNWR_W,SMNWR3001,4/3/19,NOVI,NV-036,47,M,A,3.26,Y,1,1603000396,,,,,0,0,,
SMNWR_W,SMNWR3001,4/18/19,NOVI,NV-036,46,M,A,3.01,Y,1,1902300116,,,19ARMI0985,,0,0,,
SMNWR_W,SMNWR3001,4/3/19,NOVI,NV-037,45,M,A,2.85,Y,1,1603000277,,,,,0,0,,
SMNWR_W,SMNWR3001,4/3/19,NOVI,NV-038,45,F,A,2.68,Y,1,1603000278,,,,,0,0,,
SMNWR_W,SMNWR3001,7/20/21,NOVI,NV-038,46,F,A,2.86,N,,,,,,,0,0,,
SMNWR_W,SMNWR3001,4/3/19,NOVI,NV-039,44,M,A,2.9,Y,1,1902300001,,,,,0,0,,
SMNWR_W,SMNWR3001,4/3/19,NOVI,NV-040,43,M,A,3.12,Y,1,1902300002,,,,,0,0,,
SMNWR_W,SMNWR3001,7/23/20,NOVI,NV-040,43,M,A,2.76,Y,0,1903700307,neg,0,,,0,0,,
SMNWR_W,SMNWR3001,7/29/20,NOVI,NV-040,,M,A,,Y,0,1903700350,neg,0,,,0,0,,
SMNWR_W,SMNWR3001,9/25/20,NOVI,NV-040,44,F,A,3.15,Y,0,1903700370,neg,0,,,0,0,,
SMNWR_W,SMNWR3001,9/22/21,NOVI,NV-040,42,F,A,3.41,N,,,,,,,0,0,,
SMNWR_W,SMNWR3001,4/3/19,NOVI,NV-041,46,F,A,3.24,Y,1,1902300003,,,,,0,0,,
SMNWR_W,SMNWR3001,5/7/19,NOVI,NV-041,46,F,A,3.07,Y,1,1902300137,,,19ARMI0960,,0,0,,
SMNWR_W,SMNWR3001,4/3/19,NOVI,NV-042,42,M,A,2.63,Y,1,1902300004,,,,,0,0,,
SMNWR_W,SMNWR3001,4/3/19,NOVI,NV-043,44,F,A,3.03,Y,1,1902300005,,,,,0,0,,
SMNWR_W,SMNWR3001,4/3/19,NOVI,NV-044,50,F,A,3.95,Y,1,1902300006,,,,,0,0,,
SMNWR_W,SMNWR3001,4/3/19,NOVI,NV-045,46,F,A,3.16,Y,1,1902300007,,,,,0,0,,
SMNWR_W,SMNWR3001,4/3/19,NOVI,NV-046,46,M,A,3.07,Y,1,1902300008,,,,,0,0,,
SMNWR_W,SMNWR3001,4/16/19,NOVI,NV-046,46,M,A,3.04,Y,1,1902300092,,,19ARMI0963,,0,0,,
SMNWR_W,SMNWR3001,4/3/19,NOVI,NV-047,43,F,A,2.87,Y,1,1902300009,,,,,0,0,,
SMNWR_W,SMNWR3001,4/3/19,NOVI,NV-048,47,F,A,3.64,Y,1,1902300010,,,,,0,0,,
SMNWR_W,SMNWR3001,4/3/19,NOVI,NV-049,32,U,J,1.19,Y,1,1902300011,,,,Gilled.  Tagged w/o anesthesia.  No PIT,0,1,Same kind of comment,
SMNWR_W,SMNWR3001,4/3/19,NOVI,NV-050,43,F,A,2.9,Y,1,1902300012,,,,,0,0,,
SMNWR_W,SMNWR3001,4/4/19,NOVI,NV-051,49,M,A,4.11,Y,1,1902300013,,,,,0,0,,
SMNWR_W,SMNWR3001,4/18/19,NOVI,NV-051,47,M,A,3.94,Y,1,1902300115,,,19ARMI0981,,0,0,,
SMNWR_W,SMNWR3001,4/4/19,NOVI,NV-052,44,F,A,3.26,Y,1,1902300014,,,,,0,0,,
SMNWR_W,SMNWR3001,4/4/19,NOVI,NV-053,41,M,A,2.65,Y,1,1902300015,,,,,0,0,,
SMNWR_W,SMNWR3001,4/4/19,NOVI,NV-054,46,F,A,3.18,Y,1,1902300016,,,,,0,0,,
SMNWR_W,SMNWR3001,5/9/19,NOVI,NV-054,47,F,A,3.38,Y,1,1902300152,,,,lost PIT and was replaced,0,1,Same kind of comment,
SMNWR_W,SMNWR3001,4/4/19,NOVI,NV-055,47,F,A,3.69,Y,1,1902300017,,,,,0,0,,
SMNWR_W,SMNWR3001,4/4/19,NOVI,NV-056,48,F,A,4.31,Y,1,1902300018,,,,,0,0,,
SMNWR_W,SMNWR3001,4/4/19,NOVI,NV-057,44,F,A,2.39,Y,1,1902300019,,,,,0,0,,
SMNWR_W,SMNWR3001,4/4/19,NOVI,NV-058,49,M,A,4.55,Y,1,1902300020,,,,,0,0,,
SMNWR_W,SMNWR3001,4/4/19,NOVI,NV-059,45,F,A,3.09,Y,1,1902300021,,,,,0,0,,
SMNWR_W,SMNWR3001,4/4/19,NOVI,NV-060,46,M,A,3.22,Y,1,1902300022,,,,,0,0,,
SMNWR_W,SMNWR3001,4/19/19,NOVI,NV-060,46,M,A,3.13,Y,1,1902300129,,,19ARMI0989,,0,0,,
SMNWR_W,SMNWR3001,4/4/19,NOVI,NV-061,53,F,A,4.25,Y,1,1902300023,,,,,0,0,,
SMNWR_W,SMNWR3001,4/4/19,NOVI,NV-062,44,M,A,2.83,Y,1,1902300024,,,,,0,0,,
SMNWR_W,SMNWR3001,4/4/19,NOVI,NV-063,29,U,J,0.82,Y,1,1902300025,,,,Gilled.  Tagged w/o anesthesia.  No PIT,0,1,Same kind of comment,
SMNWR_W,SMNWR3001,4/4/19,NOVI,NV-064,54,F,A,5,Y,1,1902300026,,,,,0,0,,
SMNWR_W,SMNWR3001,3/5/20,NOVI,NV-064,51,F,A,3.59,Y,0,1903700243,neg,0,,,0,0,,
SMNWR_W,SMNWR3001,4/4/19,NOVI,NV-065,46,F,A,2.84,Y,1,1902300027,,,,,0,0,,
SMNWR_W,SMNWR3001,4/4/19,NOVI,NV-066,53,F,A,5.16,Y,1,1902300028,,,,,0,0,,
SMNWR_W,SMNWR3001,4/4/19,NOVI,NV-067,48,M,A,3.81,Y,1,1902300029,,,,,0,0,,
SMNWR_W,SMNWR3001,4/17/19,NOVI,NV-067,48,M,A,3.54,Y,1,1902300110,,,19ARMI0974,,0,0,,
SMNWR_W,SMNWR3001,4/4/19,NOVI,NV-068,46,M,A,3.33,Y,1,1902300030,,,,,0,0,,
SMNWR_W,SMNWR3001,4/4/19,NOVI,NV-069,45,M,A,2.74,Y,1,1902300031,,,,,0,0,,
SMNWR_W,SMNWR3001,4/4/19,NOVI,NV-070,54,M,A,3.97,Y,1,1902300032,,,,,0,0,,
SMNWR_W,SMNWR3001,4/4/19,NOVI,NV-071,43,M,A,5.25,Y,1,1902300033,,,,,0,0,,
SMNWR_W,SMNWR3001,4/4/19,NOVI,NV-072,42,F,A,2.65,Y,1,1902300034,,,,,0,0,,
SMNWR_W,SMNWR3001,4/4/19,NOVI,NV-073,43,M,A,2.8,Y,1,1902300035,,,,,0,0,,
SMNWR_W,SMNWR3001,2/25/20,NOVI,NV-073,45,M,A,2.61,Y,0,1903700151,pos,98.80,,,0,0,,
SMNWR_W,SMNWR3001,4/4/19,NOVI,NV-074,46,M,A,2.68,Y,1,1902300036,,,,,0,0,,
SMNWR_W,SMNWR3001,4/15/19,NOVI,NV-074,45,M,A,2.64,Y,1,1902300079,,,19ARMI0940,,0,0,,
SMNWR_W,SMNWR3001,5/8/19,NOVI,NV-074,48,M,A,2.46,Y,1,1902300149,,,,lost original VI Alpha and was replaced,0,1,Same kind of comment,
SMNWR_W,SMNWR3001,5/9/19,NOVI,NV-074,47,M,A,2.51,Y,1,1902300153,,,,,0,0,,
SMNWR_W,SMNWR3001,4/4/19,NOVI,NV-075,58,F,A,4.21,Y,1,1902300037,,,,,0,0,,
SMNWR_W,SMNWR3001,4/4/19,NOVI,NV-076,47,U,A,2.59,Y,1,1902300038,,,,,0,0,,
SMNWR_W,SMNWR3001,4/4/19,NOVI,NV-077,57,F,A,4.69,Y,1,1902300039,,,,,0,0,,
SMNWR_W,SMNWR3001,4/4/19,NOVI,NV-078,47,M,A,2.73,Y,1,1902300040,,,,,0,0,,
SMNWR_W,SMNWR3001,4/18/19,NOVI,NV-078,44,M,A,2.7,Y,1,1902300113,,,19ARMI0964,,0,0,,
SMNWR_W,SMNWR3001,5/7/19,NOVI,NV-078,45,M,A,2.72,Y,1,1902300136,,,,,0,0,,
SMNWR_W,SMNWR3001,4/4/19,NOVI,NV-079,48,F,A,3.88,Y,1,1902300041,,,,,0,0,,
SMNWR_W,SMNWR3001,3/31/21,NOVI,NV-079,46,F,a,4.41,N,,,,,,,0,0,,
SMNWR_W,SMNWR3001,12/15/18,NOVI,NV-080,51,M,A,3.52,Y,1,1603000375,,,,,0,0,,
SMNWR_W,SMNWR3001,4/4/19,NOVI,NV-080,51,M,A,4.04,Y,1,1902300042,,,,,0,0,,
SMNWR_W,SMNWR3001,5/8/19,NOVI,NV-080,52,M,A,3.91,Y,1,1902300148,,,19ARMI0938,,0,0,,
SMNWR_W,SMNWR3001,4/4/19,NOVI,NV-081,45,F,A,3.23,Y,1,1902300043,,,,,0,0,,
SMNWR_W,SMNWR3001,4/18/19,NOVI,NV-081,48,F,A,3.2,Y,1,1902300111,,,19ARMI0969,,0,0,,
SMNWR_W,SMNWR3001,4/19/19,NOVI,NV-081,46,F,A,3.09,Y,1,1902300128,,,,,0,0,,
SMNWR_W,SMNWR3001,4/4/19,NOVI,NV-082,44,F,A,2.26,Y,1,1902300044,,,,,0,0,,
SMNWR_W,SMNWR3001,4/4/19,NOVI,NV-083,49,M,A,3.29,Y,1,1902300045,,,,,0,0,,
SMNWR_W,SMNWR3001,4/15/19,NOVI,NV-083,46,M,A,3.38,Y,1,1902300078,,,19ARMI0994,,0,0,,
SMNWR_W,SMNWR3001,4/4/19,NOVI,NV-084,44,M,A,2.9,Y,1,1902300046,,,,,0,0,,
SMNWR_W,SMNWR3001,4/5/19,NOVI,NV-085,49,F,A,3.74,Y,1,1902300047,,,,,0,0,,
SMNWR_W,SMNWR3001,1/31/20,NOVI,NV-086,44,M,A,2.47,Y,0,1801400134,neg,0,NV-086,,0,0,,
SMNWR_W,SMNWR3001,4/5/19,NOVI,NV-086,49,F,A,3.43,Y,1,1902300048,,,,,0,0,,
SMNWR_W,SMNWR3001,7/22/20,NOVI,NV-086,48,F,A,2.59,Y,0,1903700293,neg,0,,new via,0,1,Does this mean it may have been a recap but we don’t know?,
SMNWR_W,SMNWR3001,9/23/20,NOVI,NV-086,49,F,A,2.78,Y,0,1903700353,neg,0,,,0,0,,
SMNWR_W,SMNWR3001,4/5/19,NOVI,NV-087,47,M,A,3.14,Y,1,1902300049,,,,,0,0,,
SMNWR_W,SMNWR3001,4/5/19,NOVI,NV-088,52,F,A,4.18,Y,1,1902300050,,,,,0,0,,
SMNWR_W,SMNWR3001,2/14/20,NOVI,NV-088,48,F,A,2.97,Y,0,1903700039,neg,0,,,0,0,,
SMNWR_W,SMNWR3001,1/25/20,NOVI,NV-088,48,M,A,3.15,Y,0,1903700088,neg,0,NV-088,previously ID'ed as female but may be male,0,0,,
SMNWR_W,SMNWR3001,4/5/19,NOVI,NV-089,44,F,A,2.75,Y,1,1902300051,,,,,0,0,,
SMNWR_W,SMNWR3001,4/5/19,NOVI,NV-090,50,F,A,3.45,Y,1,1902300052,,,,,0,0,,
SMNWR_W,SMNWR3001,4/5/19,NOVI,NV-091,43,F,A,2.32,Y,1,1902300053,,,,,0,0,,
SMNWR_W,SMNWR3001,4/16/19,NOVI,NV-091,40,F,A,2.36,Y,1,1902300093,,,19ARMI0952,,0,0,,
SMNWR_W,SMNWR3001,4/5/19,NOVI,NV-092,43,F,A,2.22,Y,1,1902300054,,,,,0,0,,
SMNWR_W,SMNWR3001,2/12/21,NOVI,NV-092,46,F,A,3.19,Y,0,1903700495,neg,0.00,,,0,0,,
SMNWR_W,SMNWR3001,4/5/19,NOVI,NV-093,48,M,A,3.11,Y,1,1902300055,,,,,0,0,,
SMNWR_W,SMNWR3001,4/5/19,NOVI,NV-094,49,M,A,3.44,Y,1,1902300056,,,,,0,0,,
SMNWR_W,SMNWR3001,4/16/19,NOVI,NV-094,48,M,A,3.36,Y,1,1902300099,,,19ARMI0976,,0,0,,
SMNWR_W,SMNWR3001,4/5/19,NOVI,NV-095,47,F,A,2.56,Y,1,1902300057,,,,,0,0,,
SMNWR_W,SMNWR3001,4/5/19,NOVI,NV-096,47,M,A,3.12,Y,1,1902300058,,,,,0,0,,
SMNWR_W,SMNWR3001,4/5/19,NOVI,NV-097,45,F,A,2.41,Y,1,1902300059,,,,,0,0,,
SMNWR_W,SMNWR3001,4/5/19,NOVI,NV-098,47,F,A,2.45,Y,1,1902300061,,,,,0,0,,
SMNWR_W,SMNWR3001,4/5/19,NOVI,NV-099,46,F,A,2.95,Y,1,1902300062,,,,,0,0,,
SMNWR_W,SMNWR3001,4/5/19,NOVI,NV-100,45,M,A,2.52,Y,1,1902300063,,,,,0,0,,
SMNWR_W,SMNWR3001,4/5/19,NOVI,NV-101,47,F,A,3.02,Y,1,1902300064,,,,,0,0,,
SMNWR_W,SMNWR3001,4/5/19,NOVI,NV-102,38,U,A,1.65,Y,1,1902300065,,,,,0,0,,
SMNWR_W,SMNWR3001,1/25/20,NOVI,NV-102,30,M,A,1.24,Y,0,1903700090,neg,0,NV-102,,0,0,,
SMNWR_W,SMNWR3001,2/24/20,NOVI,NV-102,42,M,A,1.7,Y,0,1903700134,pos,501.18,,,0,0,,
SMNWR_W,SMNWR3001,2/25/20,NOVI,NV-102,34,M,A,1.63,Y,0,1903700150,pos,292.15,,,0,0,,
SMNWR_W,SMNWR3001,10/2/20,NOVI,NV-102,43,F,A,2.13,Y,0,1903700388,neg,0,,new VIA,0,1,Does this mean it may have been a recap but we don’t know?,
SMNWR_W,SMNWR3001,4/5/19,NOVI,NV-103,46,M,A,2.5,Y,1,1902300066,,,,pimple-like pot on chin,1,0,,
SMNWR_W,SMNWR3001,4/5/19,NOVI,NV-104,46,M,A,3.27,Y,1,1902300067,,,,,0,0,,
SMNWR_W,SMNWR3001,4/12/19,NOVI,NV-105,33,U,J,1.01,Y,1,1902300069,,,,,0,0,,
SMNWR_W,SMNWR3001,1/28/20,NOVI,NV-106,44,M,A,2.48,Y,0,1801400128,neg,0,,,0,0,,
SMNWR_W,SMNWR3001,1/29/20,NOVI,NV-106,46,M,A,2.6,Y,0,1801400129,neg,0,,,0,0,,
SMNWR_W,SMNWR3001,4/15/19,NOVI,NV-106,46,M,A,3.11,Y,1,1902300071,,,19ARMI0992,,0,0,,
SMNWR_W,SMNWR3001,7/23/20,NOVI,NV-106,49,M,A,3.04,Y,0,1903700310,neg,0,,,0,0,,
SMNWR_W,SMNWR3001,7/28/20,NOVI,NV-106,,M,A,,N,,,,,,,0,0,,
SMNWR_W,SMNWR3001,4/15/19,NOVI,NV-107,49,M,A,2.86,Y,1,1902300072,,,19ARMI0977,,0,0,,
SMNWR_W,SMNWR3001,4/15/19,NOVI,NV-108,43,M,A,2.08,Y,1,1902300073,,,19ARMI0993,,0,0,,
SMNWR_W,SMNWR3001,4/15/19,NOVI,NV-109,39,F,A,2.01,Y,1,1902300074,,,19ARMI0949,,0,0,,
SMNWR_W,SMNWR3001,4/15/19,NOVI,NV-110,47,F,A,3.3,Y,1,1902300075,,,19ARMI1004,,0,0,,
SMNWR_W,SMNWR3001,4/16/19,NOVI,NV-110,48,F,A,3.28,Y,1,1902300097,,,,,0,0,,
SMNWR_W,SMNWR3001,4/15/19,NOVI,NV-111,45,M,A,3.12,Y,1,1902300076,,,19ARMI1005,,0,0,,
SMNWR_W,SMNWR3001,4/15/19,NOVI,NV-112,34,U,J,1.1,Y,1,1902300077,,,19ARMI0953,,0,0,,
SMNWR_W,SMNWR3001,4/16/19,NOVI,NV-113,47,F,A,2.92,Y,1,1902300082,,,19ARMI0997,,0,0,,
SMNWR_W,SMNWR3001,1/23/20,NOVI,NV-113,37,F,A,2.4,Y,0,1903700083,neg,0,NV-113,,0,0,,
SMNWR_W,SMNWR3001,4/16/19,NOVI,NV-114,47,M,A,3.03,Y,1,1902300084,,,19ARMI0999,,0,0,,
SMNWR_W,SMNWR3001,4/16/19,NOVI,NV-115,47,M,A,3.13,Y,1,1902300085,,,19ARMI0990,,0,0,,
SMNWR_W,SMNWR3001,4/16/19,NOVI,NV-116,43,M,A,2.9,Y,1,1902300086,,,19ARMI0984,,0,0,,
SMNWR_W,SMNWR3001,4/16/19,NOVI,NV-117,48,F,A,2.87,Y,1,1902300087,,,19ARMI0958,,0,0,,
SMNWR_W,SMNWR3001,4/16/19,NOVI,NV-118,46,M,A,3.2,Y,1,1902300088,,,19ARMI0986,,0,0,,
SMNWR_W,SMNWR3001,4/18/19,NOVI,NV-118,45,M,A,3.07,Y,1,1902300114,,,,,0,0,,
SMNWR_W,SMNWR3001,4/16/19,NOVI,NV-119,45,F,A,2.36,Y,1,1902300089,,,19ARMI0987,,0,0,,
SMNWR_W,SMNWR3001,4/16/19,NOVI,NV-120,42,M,A,2.52,Y,1,1902300090,,,19ARMI0979,,0,0,,
SMNWR_W,SMNWR3001,2/16/20,NOVI,NV-120,47,F,A,2.44,Y,0,1903700059,pos,3045.52,,original PIT missing and replaced,0,1,Does this mean it may have been a recap but we don’t know?,
SMNWR_W,SMNWR3001,3/6/20,NOVI,NV-120,42,M,A,2.41,Y,0,1903700256,neg,0.00,,,0,0,,
SMNWR_W,SMNWR3001,9/25/20,NOVI,NV-120,49,F,A,2.66,Y,0,1903700368,pos,59.31,,new PIT,0,1,Same kind of comment,
SMNWR_W,SMNWR3001,4/16/19,NOVI,NV-121,58,F,A,5.28,Y,1,1902300091,,,19ARMI0996,,0,0,,
SMNWR_W,SMNWR3001,4/17/19,NOVI,NV-122,48,M,A,2.85,Y,1,1902300101,,,19ARMI0967,,0,0,,
SMNWR_W,SMNWR3001,4/17/19,NOVI,NV-123,45,M,A,3.05,Y,1,1902300102,,,19ARMI0946,,0,0,,
SMNWR_W,SMNWR3001,4/17/19,NOVI,NV-124,31,U,J,1.22,Y,1,1902300104,,,19ARMI0995,Gilled,0,0,,
SMNWR_W,SMNWR3001,4/17/19,NOVI,NV-125,46,M,A,2.93,Y,1,1902300105,,,19ARMI1000,,0,0,,
SMNWR_W,SMNWR3001,4/17/19,NOVI,NV-126,50,F,A,3.62,Y,1,1902300106,,,19ARMI0971,,0,0,,
SMNWR_W,SMNWR3001,4/17/19,NOVI,NV-127,51,F,A,3.6,Y,1,1902300107,,,19ARMI0980,,0,0,,
SMNWR_W,SMNWR3001,4/18/19,NOVI,NV-128,49,F,A,3.39,Y,1,1902300117,,,19ARMI0983,,0,0,,
SMNWR_W,SMNWR3001,5/7/19,NOVI,NV-128,50,F,A,3.57,Y,1,1902300138,,,,,0,0,,
SMNWR_W,SMNWR3001,4/18/19,NOVI,NV-129,46,M,A,2.85,Y,1,1902300118,,,19ARMI1002,,0,0,,
SMNWR_W,SMNWR3001,4/18/19,NOVI,NV-130,48,M,A,2.93,Y,1,1902300119,,,19ARMI0950,,0,0,,
SMNWR_W,SMNWR3001,2/9/20,NOVI,NV-130,42,M,A,2.25,Y,0,1903700005,neg,0,,,0,0,,
SMNWR_W,SMNWR3001,2/27/20,NOVI,NV-130,43,M,A,2.39,Y,0,1903700198,neg,0.00,,,0,0,,
SMNWR_W,SMNWR3001,2/28/20,NOVI,NV-130,44,M,A,2.56,Y,0,1903700213,pos,9833.03,,,0,0,,
SMNWR_W,SMNWR3001,4/18/19,NOVI,NV-131,53,F,A,4.56,Y,1,1902300120,,,19ARMI0936,,0,0,,
SMNWR_W,SMNWR3001,2/24/20,NOVI,NV-131,34,F,A,2.61,Y,0,1903700139,pos,4784.90,,lost original PIT,0,1,Same kind of comment,
SMNWR_W,SMNWR3001,4/19/19,NOVI,NV-132,48,M,A,3.2,Y,1,1902300125,,,19ARMI0955,,0,0,,
SMNWR_W,SMNWR3001,4/19/19,NOVI,NV-133,43,M,A,3.05,Y,1,1902300124,,,19ARMI0978,,0,0,,
SMNWR_W,SMNWR3001,4/19/19,NOVI,NV-134,46,M,A,2.94,Y,1,1902300123,,,19ARMI0957,,0,0,,
SMNWR_W,SMNWR3001,4/19/19,NOVI,NV-135,32,U,A,0.91,Y,1,1902300122,,,19ARMI0942,,0,0,,
SMNWR_W,SMNWR3001,4/19/19,NOVI,NV-136,50,F,A,3.8,Y,1,1902300121,,,19ARMI0947,,0,0,,
SMNWR_W,SMNWR3001,4/19/19,NOVI,NV-137,44,M,A,2.88,Y,1,1902300126,,,19ARMI0972,,0,0,,
SMNWR_W,SMNWR3001,4/19/19,NOVI,NV-138,51,F,A,3.29,Y,1,1902300127,,,19ARMI0988,,0,0,,
SMNWR_W,SMNWR3001,5/7/19,NOVI,NV-139,46,M,A,2.9,Y,1,1902300132,,,19ARMI0961,,0,0,,
SMNWR_W,SMNWR3001,5/7/19,NOVI,NV-140,47,F,A,3.99,Y,1,1902300131,,,19ARMI0945,Also marked xxxR in Dec. May have lost PIT,0,1,Same kind of comment,
SMNWR_W,SMNWR3001,5/9/19,NOVI,NV-140,51,F,A,3.84,Y,1,1902300154,,,,,0,0,,
SMNWR_W,SMNWR3001,5/7/19,NOVI,NV-141,39,U,A,1.68,Y,1,1902300133,,,19ARMI0943,,0,0,,
SMNWR_W,SMNWR3001,5/7/19,NOVI,NV-142,45,M,A,2.78,Y,1,1902300134,,,19ARMI0970,,0,0,,
SMNWR_W,SMNWR3001,5/9/19,NOVI,NV-142,38,U,A,1.68,Y,1,1902300155,,,,,0,0,,
SMNWR_W,SMNWR3001,5/7/19,NOVI,NV-143,50,M,A,2.56,Y,1,1902300135,,,19ARMI0973,,0,0,,
SMNWR_W,SMNWR3001,12/15/18,NOVI,NV-144,42,U,A,1.67,Y,1,1603000373,,,,,0,0,,
SMNWR_W,SMNWR3001,4/17/19,NOVI,NV-144,44,F,A,2.41,Y,1,1902300103,,,19ARMI0954,,0,0,,
SMNWR_W,SMNWR3001,5/8/19,NOVI,NV-145,48,M,A,3.18,Y,1,1902300139,,,19ARMI0991, images 2755-62,0,0,,
SMNWR_W,SMNWR3001,5/8/19,NOVI,NV-146,45,M,A,2.87,Y,1,1902300140,,,19ARMI1001,,0,0,,
SMNWR_W,SMNWR3001,5/8/19,NOVI,NV-147,47,F,A,3.81,Y,1,1902300141,,,19ARMI0948,,0,0,,
SMNWR_W,SMNWR3001,5/8/19,NOVI,NV-148,45,U,A,2.83,Y,1,1902300142,,,19ARMI0944,,0,0,,
SMNWR_W,SMNWR3001,5/8/19,NOVI,NV-149,47,F,A,3.4,Y,1,1902300143,,,19ARMI0968,SOME NOTE I CANT READ on datasheet,0,0,,
SMNWR_W,SMNWR3001,5/8/19,NOVI,NV-150,49,M,A,3.47,Y,1,1902300144,,,19ARMI0959,,0,0,,
SMNWR_W,SMNWR3001,5/8/19,NOVI,NV-151,42,U,A,2.1,Y,1,1902300145,,,19ARMI0937,,0,0,,
SMNWR_W,SMNWR3001,5/8/19,NOVI,NV-152,47,M,A,2.58,Y,1,1902300146,,,19ARMI0939,,0,0,,
SMNWR_W,SMNWR3001,5/9/19,NOVI,NV-153,42,U,A,2.08,Y,1,1902300150,,,19ARMI0965,,0,0,,
SMNWR_W,SMNWR3001,5/9/19,NOVI,NV-154,37,M,A,1.62,Y,1,1902300151,,,19ARMI0941,,0,0,,
SMNWR_W,SMNWR3001,5/10/19,NOVI,NV-155,43,U,A,2.42,Y,1,1902300156,,,,,0,0,,
SMNWR_W,SMNWR3001,5/10/19,NOVI,NV-156,43,M,A,2.12,Y,1,1902300157,,,,,0,0,,
SMNWR_W,SMNWR3001,9/29/20,NOVI,NV-168,43,F,A,2.25,Y,0,1903700380,neg,0,,lessions on side?,1,0,,
SMNWR_W,SMNWR3001,10/7/21,NOVI,NV-414,44,M,A,2.83,N,,,,,,,0,0,,
SMNWR_W,SMNWR3001,12/12/18,NOVI,NV-A,42,U,A,2.63,Y,1,1603000372,,,,,0,0,,
SMNWR_W,SMNWR3001,12/14/18,NOVI,NV-B,56,U,A,3.27,Y,1,1603000348,,,,,0,0,,
SMNWR_W,SMNWR3001,12/15/18,NOVI,NV-C,41,M,A,2.19,Y,1,1603000347,,,,,0,0,,
SMNWR_W,SMNWR3001,12/15/18,NOVI,NV-D,44,M,A,2.72,Y,1,1603000374,,,,,0,0,,
SMNWR_W,SMNWR3001,12/15/18,NOVI,NV-E,40,U,A,1.99,Y,1,1603000377,,,,,0,0,,
SMNWR_W,SMNWR3001,12/18/19,NOVI,NV20-001,47,M,A,2.14,Y,0,1902300196,neg,0,,,0,0,,
SMNWR_W,SMNWR3001,2/22/20,NOVI,NV20-001,44,M,A,3.46,Y,0,1903700114,neg,0,,,0,0,,
SMNWR_W,SMNWR3001,2/25/20,NOVI,NV20-001,50,F,A,3.69,Y,0,1903700149,pos,76.10,,,0,0,,
SMNWR_W,SMNWR3001,2/26/20,NOVI,NV20-001,49,F,A,3.12,Y,0,1903700178,pos,210.07,,,0,0,,
SMNWR_W,SMNWR3001,7/13/21,NOVI,NV20-001,37,F,A,1.25,N,,,,,,touched up VIE,0,0,,
SMNWR_W,SMNWR3001,12/23/19,NOVI,NV20-001,45,M,A,2.16,N,,,,,,Couldn’t read VIA,0,0,,
SMNWR_W,SMNWR3001,2/12/20,NOVI,NV20-002,41,M,A,1.76,Y,0,1903700015,neg,0.00,,,0,0,,
SMNWR_W,SMNWR3001,2/14/20,NOVI,NV20-002,39,M,A,1.75,Y,0,1903700038,neg,0,,,0,0,,
SMNWR_W,SMNWR3001,1/12/20,NOVI,NV20-002,39,M,A,1.42,Y,0,1903700079,neg,0,NV20-002,,0,0,,
SMNWR_W,SMNWR3001,2/25/20,NOVI,NV20-002,36,M,A,2.01,Y,0,1903700152,neg,0,,,0,0,,
SMNWR_W,SMNWR3001,7/23/20,NOVI,NV20-002,41,M,A,2.48,Y,0,1903700318,neg,0,,,0,0,,
SMNWR_W,SMNWR3001,9/25/20,NOVI,NV20-002,45,M,A,2.76,Y,0,1903700372,neg,0,,,0,0,,
SMNWR_W,SMNWR3001,9/30/20,NOVI,NV20-002,44,M,A,2.78,Y,0,1903700381,neg,0,,,0,0,,
SMNWR_W,SMNWR3001,2/28/20,NOVI,NV20-002,,M,A,,N,,,,,,,0,0,,
SMNWR_W,SMNWR3001,2/2/20,NOVI,NV20-003,49,F,A,2.44,Y,0,1801400141,neg,0,,,0,0,,
SMNWR_W,SMNWR3001,1/23/20,NOVI,NV20-003,47,F,A,2.01,Y,0,1903700080,neg,0,NV20-003,,0,0,,
SMNWR_W,SMNWR3001,2/28/20,NOVI,NV20-003,44,M,A,2.37,Y,0,1903700215,pos,102.02,,,0,0,,
SMNWR_W,SMNWR3001,2/14/20,NOVI,NV20-004,45,F,A,2.33,Y,0,1903700040,neg,0,,,0,0,,
SMNWR_W,SMNWR3001,1/23/20,NOVI,NV20-004,37,M,A,2.15,Y,0,1903700081,neg,0,NV20-004,,0,0,,
SMNWR_W,SMNWR3001,9/24/20,NOVI,NV20-004,45,F,A,2.49,Y,0,1903700365,neg,0,,reassigned VIA,0,1,Does this mean there may be data points for two individuals that are actually the same individual?,
SMNWR_W,SMNWR3001,10/2/20,NOVI,NV20-004,45,F,A,2.56,Y,0,1903700387,neg,0,,,0,0,,
SMNWR_W,SMNWR3001,1/8/21,NOVI,NV20-004,46,M,A,2.85,Y,0,1903700407,pos,5332.47,,,0,0,,
SMNWR_W,SMNWR3001,1/12/21,NOVI,NV20-004,46,M,A,2.73,Y,0,1903700410,pos,3198.67,,,0,0,,
SMNWR_W,SMNWR3001,1/27/21,NOVI,NV20-004,43,M,A,-999,Y,0,1903700434,pos,3302.77,,,0,0,,
SMNWR_W,SMNWR3001,2/10/21,NOVI,NV20-004,46,M,A,3.13,Y,0,1903700467,pos,7746.51,,,0,0,,
SMNWR_W,SMNWR3001,2/11/21,NOVI,NV20-004,45,M,A,3,Y,0,1903700482,pos,8510.34,,,0,0,,
SMNWR_W,SMNWR3001,9/23/21,NOVI,NV20-004,44,M,A,3.07,N,,,,,,oringially recorded w/duplicate PIT for NV21-032.  used ID from VIA and updated in database,0,1,Same kind of comment,
SMNWR_W,SMNWR3001,9/21/21,NOVI,NV20-004,44,M,A,3.2,N,,,,,,,0,0,,
SMNWR_W,SMNWR3001,10/6/21,NOVI,NV20-004,44,M,A,3.36,N,,,,,,,0,0,,
SMNWR_W,SMNWR3001,4/1/21,NOVI,NV20-004,46,M,A,3.48,N,,,,,,,0,0,,
SMNWR_W,SMNWR3001,1/23/20,NOVI,NV20-005,42,M,A,1.86,Y,0,1903700082,neg,0,NV20-005,,0,0,,
SMNWR_W,SMNWR3001,2/1/20,NOVI,NV20-006,36,M,A,3.08,Y,0,1801400139,neg,0,NV20-006,,0,0,,
SMNWR_W,SMNWR3001,2/7/20,NOVI,NV20-006,46,M,A,2.71,Y,0,1903700003,pos,79.17,,,0,0,,
SMNWR_W,SMNWR3001,2/18/20,NOVI,NV20-006,44,M,A,3.38,Y,0,1903700069,pos,95230.86,,,0,0,,
SMNWR_W,SMNWR3001,1/23/20,NOVI,NV20-006,43,M,A,2.83,Y,0,1903700084,neg,0,NV20-006,,0,0,,
SMNWR_W,SMNWR3001,2/21/20,NOVI,NV20-006,44,M,A,3.38,Y,0,1903700105,pos,34476.48,,VIA unreadable,0,1,not sure about this note with a unique AnimalID still recorded,
SMNWR_W,SMNWR3001,2/26/20,NOVI,NV20-006,39,M,A,3.08,Y,0,1903700176,pos,3506.89,,,0,0,,
SMNWR_W,SMNWR3001,7/23/20,NOVI,NV20-006,44,M,A,3.02,Y,0,1903700303,neg,0,,,0,0,,
SMNWR_W,SMNWR3001,1/22/21,NOVI,NV20-006,46,M,A,3.39,Y,0,1903700429,pos,40768.57,,has had at least 2 other VIA,0,1,Same kind of comment,
SMNWR_W,SMNWR3001,2/5/21,NOVI,NV20-006,45,M,A,3.38,Y,0,1903700449,pos,54910.29,,,0,0,,
SMNWR_W,SMNWR3001,2/11/21,NOVI,NV20-006,49,M,A,3.53,Y,0,1903700486,pos,29095.94,,,0,0,,
SMNWR_W,SMNWR3001,7/30/20,NOVI,NV20-006,,M,A,,N,,,,,,this is a least the 4th VIA used on this individual,0,1,Same kind of comment,
SMNWR_W,SMNWR3001,10/5/21,NOVI,NV20-006,48,F,A,3.01,N,,,,,,did the PIT  <982.000407490236> not getread? May have dropped?,0,1,Same kind of comment,
SMNWR_W,SMNWR3001,7/14/21,NOVI,NV20-006,45,M,A,3.78,N,,,,,,,0,0,,
SMNWR_W,SMNWR3001,1/24/20,NOVI,NV20-007,25,U,J,0.57,Y,0,1903700085,neg,0,NV20-007,,0,0,,
SMNWR_W,SMNWR3001,7/20/21,NOVI,NV20-007,44,M,A,2.75,N,,,,,,,0,0,,
SMNWR_W,SMNWR3001,1/24/20,NOVI,NV20-008,25,U,J,0.56,Y,0,1903700086,neg,0,NV20-008,,0,0,,
SMNWR_W,SMNWR3001,1/24/20,NOVI,NV20-009,21,U,J,0.37,Y,0,1903700087,neg,0,NV20-009,,0,0,,
SMNWR_W,SMNWR3001,1/25/20,NOVI,NV20-010,43,F,A,1.93,Y,0,1903700089,neg,0,NV20-010,VIA tag broke inside newt,0,1,not sure about this note with a unique AnimalID still recorded,
SMNWR_W,SMNWR3001,3/3/20,NOVI,NV20-010,49,F,A,2.76,Y,0,1903700233,pos,64.40,,,0,0,,
SMNWR_W,SMNWR3001,1/25/20,NOVI,NV20-011,30,M,A,0.84,Y,0,1903700091,neg,0,NV20-011,,0,0,,
SMNWR_W,SMNWR3001,7/22/20,NOVI,NV20-011,35,M,A,1.41,Y,0,1903700294,neg,0,,new via,0,1,Does this mean it may have been a recap but we don’t know?,
SMNWR_W,SMNWR3001,1/21/21,NOVI,NV20-011,40,M,A,2.28,Y,0,1903700425,pos,572408.91,,,0,0,,
SMNWR_W,SMNWR3001,1/26/20,NOVI,NV20-012,36,M,A,1.67,Y,0,1903700092,neg,0,NV20-012,,0,0,,
SMNWR_W,SMNWR3001,7/24/20,NOVI,NV20-012,42,M,A,2.58,Y,0,1903700333,neg,0,,,0,0,,
SMNWR_W,SMNWR3001,10/1/20,NOVI,NV20-012,42,M,A,2.69,Y,0,1903700382,neg,0,,,0,0,,
SMNWR_W,SMNWR3001,9/15/21,NOVI,NV20-012,40,M,A,2.85,N,,,,,,,0,0,,
SMNWR_W,SMNWR3001,7/14/21,NOVI,NV20-012,44,M,A,3.09,N,,,,,,,0,0,,
SMNWR_W,SMNWR3001,9/22/21,NOVI,NV20-012,44,M,A,2.96,N,,,,,,,0,0,,
SMNWR_W,SMNWR3001,1/26/20,NOVI,NV20-013,46,F,A,2.42,Y,0,1903700093,neg,0,NV20-013,,0,0,,
SMNWR_W,SMNWR3001,2/11/20,NOVI,NV20-014,39,M,A,1.92,Y,0,1903700007,neg,0,,,0,0,,
SMNWR_W,SMNWR3001,1/26/20,NOVI,NV20-014,37,F,A,1.77,Y,0,1903700094,neg,0,NV20-014,,0,0,,
SMNWR_W,SMNWR3001,1/27/20,NOVI,NV20-015,22,U,J,0.56,Y,0,1903700095,pos,364.08,NV20-015,,0,0,,
SMNWR_W,SMNWR3001,1/29/20,NOVI,NV20-016,24,U,J,0.51,Y,0,1801400130,neg,0,,,0,0,,
SMNWR_W,SMNWR3001,1/30/20,NOVI,NV20-017,36,M,A,1.54,Y,0,1801400131,neg,0,NV20-017,,0,0,,
SMNWR_W,SMNWR3001,2/5/20,NOVI,NV20-017,38,M,A,1.49,Y,0,1801400157,neg,0,,,0,0,,
SMNWR_W,SMNWR3001,1/31/20,NOVI,NV20-017,36,M,A,1.68,N,,,,,,,0,0,,
SMNWR_W,SMNWR3001,1/31/20,NOVI,NV20-018,42,M,A,2.88,Y,0,1801400132,pos,1516.73,NV20-018,,0,0,,
SMNWR_W,SMNWR3001,7/22/20,NOVI,NV20-018,43,F,A,2.92,Y,0,1903700287,neg,0,,,0,0,,
SMNWR_W,SMNWR3001,2/1/20,NOVI,NV20-018,42,M,A,2.88,N,,,,,,,0,0,,
SMNWR_W,SMNWR0124,2/25/20,NOVI,NV20-019,45,M,A,2.8,Y,0,1903700161,pos,1506.43,,,0,0,,
SMNWR_W,SMNWR3001,1/31/20,NOVI,NV20-019,44,M,A,2.52,Y,0,1801400133,neg,0,NV20-019,,0,0,,
SMNWR_W,SMNWR3001,2/1/20,NOVI,NV20-020,45,F,A,2.71,Y,0,1801400137,neg,0,NV20-020,,0,0,,
SMNWR_W,SMNWR3001,2/5/20,NOVI,NV20-020,45,M,A,2.64,Y,0,1801400158,neg,0,,,0,0,,
SMNWR_W,SMNWR3001,2/27/20,NOVI,NV20-020,45,F,A,3.46,Y,0,1903700197,pos,5118.84,,,0,0,,
SMNWR_W,SMNWR3001,4/1/21,NOVI,NV20-020,51,F,A,4.43,N,,,,,,,0,0,,
SMNWR_W,SMNWR3001,2/1/20,NOVI,NV20-021,48,F,A,2.84,Y,0,1801400138,neg,0,NV20-021,,0,0,,
SMNWR_W,SMNWR3001,2/1/20,NOVI,NV20-022,44,F,A,2.25,Y,0,1801400136,neg,0,NV20-022,,0,0,,
SMNWR_W,SMNWR3001,2/1/20,NOVI,NV20-023,51,M,A,2.8,Y,0,1801400140,pos,404.64,NV20-023,,0,0,,
SMNWR_W,SMNWR3001,2/10/20,NOVI,NV20-023,51,M,A,2.89,Y,0,1903700006,pos,149.21,,,0,0,,
SMNWR_W,SMNWR3001,2/2/20,NOVI,NV20-024,44,M,A,2.33,Y,0,1801400142,neg,0,NV20-024,,0,0,,
SMNWR_W,SMNWR3001,2/14/20,NOVI,NV20-024,44,M,A,2.3,Y,0,1903700041,neg,0,,,0,0,,
SMNWR_W,SMNWR3001,2/26/20,NOVI,NV20-024,43,M,A,2.5,Y,0,1903700180,pos,522.46,,,0,0,,
SMNWR_W,SMNWR3001,7/24/20,NOVI,NV20-024,49,M,A,2.76,Y,0,1903700336,neg,0,,,0,0,,
SMNWR_W,SMNWR3001,2/28/20,NOVI,NV20-024,,M,A,,N,,,,,,,0,0,,
SMNWR_W,SMNWR3001,7/22/21,NOVI,NV20-024,46,M,A,3.27,N,,,,,,,0,0,,
SMNWR_W,SMNWR3001,2/3/20,NOVI,NV20-025,44,M,A,2.65,Y,0,1801400143,neg,0,NV20-025,,0,0,,
SMNWR_W,SMNWR3001,7/22/20,NOVI,NV20-025,46,F,A,2.88,Y,0,1903700290,neg,0,,,0,0,,
SMNWR_W,SMNWR3001,9/23/20,NOVI,NV20-025,43,F,A,3.1,Y,0,1903700357,neg,0,,,0,0,,
SMNWR_W,SMNWR3001,3/31/21,NOVI,NV20-025,50,F,A,4.85,N,,,,,,Gravid,0,0,,
SMNWR_W,SMNWR3001,2/3/20,NOVI,NV20-026,42,M,A,1.66,Y,0,1801400144,neg,0,NV20-026,,0,0,,
SMNWR_W,SMNWR3001,2/14/20,NOVI,NV20-026,39,M,A,1.73,Y,0,1903700037,neg,0,,,0,0,,
SMNWR_W,SMNWR3001,2/3/20,NOVI,NV20-027,24,M,J,0.38,Y,0,1801400145,neg,0,,,0,0,,
SMNWR_W,SMNWR3001,2/4/20,NOVI,NV20-027,22,M,J,0.37,N,,,,,,,0,0,,
SMNWR_W,SMNWR3001,2/3/20,NOVI,NV20-028,24,M,J,0.5,Y,0,1801400146,neg,0.00,,,0,0,,
SMNWR_W,SMNWR3001,2/12/20,NOVI,NV20-028,23,M,J,0.5,Y,0,1903700016,neg,0.00,,,0,0,,
SMNWR_W,SMNWR3001,2/3/20,NOVI,NV20-029,31,M,J,0.97,Y,0,1801400147,neg,0.00,,,0,0,,
SMNWR_W,SMNWR3001,2/22/20,NOVI,NV20-029,33,M,A,1.2,Y,0,1903700115,pos,185950.02,,,0,0,,
SMNWR_W,SMNWR3001,2/27/20,NOVI,NV20-029,31,M,A,1.28,Y,0,1903700200,pos,350927.56,,,0,0,,
SMNWR_W,SMNWR3001,2/3/20,NOVI,NV20-030,22,M,J,0.39,Y,0,1801400148,pos,146.89,,,0,0,,
SMNWR_W,SMNWR3001,2/3/20,NOVI,NV20-031,21,M,J,0.66,Y,0,1801400149,neg,0,,,0,0,,
SMNWR_W,SMNWR3001,2/4/20,NOVI,NV20-032,46,M,A,2.36,Y,0,1801400150,neg,0,Tail,,0,0,,
SMNWR_W,SMNWR3001,2/5/20,NOVI,NV20-032,46,M,A,2.36,N,,,,,,,0,0,,
SMNWR_W,SMNWR3001,2/4/20,NOVI,NV20-033,42,M,A,1.88,Y,0,1801400151,neg,0.00,Tail,,0,0,,
SMNWR_W,SMNWR3001,2/5/20,NOVI,NV20-033,42,M,A,1.88,N,,,,,,,0,0,,
SMNWR_W,SMNWR3001,2/4/20,NOVI,NV20-034,37,M,A,1.6,Y,0,1801400152,neg,0,Tail,,0,0,,
SMNWR_W,SMNWR3001,2/4/20,NOVI,NV20-035,19,M,J,0.6,Y,0,1801400153,neg,0,,,0,0,,
SMNWR_W,SMNWR3001,2/4/20,NOVI,NV20-036,20,M,J,0.38,Y,0,1801400154,neg,0,,,0,0,,
SMNWR_W,SMNWR3001,2/5/20,NOVI,NV20-037,24,U,J,0.56,Y,0,1801400155,neg,0,,,0,0,,
SMNWR_W,SMNWR3001,2/5/20,NOVI,NV20-038,27,U,J,0.58,Y,0,1801400156,pos,102.64,,,0,0,,
SMNWR_W,SMNWR3001,2/5/20,NOVI,NV20-039,33,M,J,1.04,Y,0,1801400159,neg,0,,,0,0,,
SMNWR_W,SMNWR3001,4/24/20,NOVI,NV20-039,31,M,J,1.33,Y,0,1903700272,pos,24.56,,,0,0,,
SMNWR_W,SMNWR3001,2/7/20,NOVI,NV20-039,33,M,J,1.04,N,,,,,,,0,0,,
SMNWR_W,SMNWR3001,2/5/20,NOVI,NV20-040,55,M,A,3.58,Y,0,1801400160,pos,4615.17,NV20-040,,0,0,,
SMNWR_W,SMNWR3001,2/5/20,NOVI,NV20-041,44,M,A,2.08,Y,0,1903700001,neg,0,NV20-041,,0,0,,
SMNWR_W,SMNWR3001,2/18/20,NOVI,NV20-041,42,M,A,2.35,Y,0,1903700068,pos,21661.48,,,0,0,,
SMNWR_W,SMNWR3001,2/6/20,NOVI,NV20-041,44,M,A,2.08,N,,,,,,,0,0,,
SMNWR_W,SMNWR3001,2/5/20,NOVI,NV20-042,24,U,J,0.6,Y,0,1903700002,neg,0,,,0,0,,
SMNWR_W,SMNWR3001,2/7/20,NOVI,NV20-043,39,M,A,1.82,Y,0,1903700004,neg,0,NV20-043,,0,0,,
SMNWR_W,SMNWR3001,7/20/21,NOVI,NV20-043,46,M,A,3.39,N,,,,,,,0,0,,
SMNWR_W,SMNWR3001,3/31/21,NOVI,NV20-043,47,M,A,3.44,N,,,,,,,0,0,,
SMNWR_W,SMNWR3001,7/22/21,NOVI,NV20-043,48,M,A,3.22,N,,,,,,,0,0,,
SMNWR_W,SMNWR0124,2/11/20,NOVI,NV20-044,46,M,A,2.78,Y,0,1903700008,neg,0,,,0,0,,
SMNWR_W,SMNWR0124,2/16/20,NOVI,NV20-044,46,M,A,2.78,Y,0,1903700051,neg,0,,,0,0,,
SMNWR_W,SMNWR0124,2/21/20,NOVI,NV20-044,43,M,A,2.79,Y,0,1903700111,pos,2617.95,,,0,0,,
SMNWR_W,SMNWR0124,2/11/20,NOVI,NV20-045,35,U,A,1.13,Y,0,1903700009,neg,0,NV20-045,,0,0,,
SMNWR_W,SMNWR0124,2/14/20,NOVI,NV20-045,32,U,J,1.18,Y,0,1903700043,neg,0,,,0,0,,
SMNWR_W,SMNWR0124,2/16/20,NOVI,NV20-045,,U,J,,N,,,,,,,0,0,,
SMNWR_W,SMNWR3001,9/24/20,NOVI,NV20-045,44,F,A,2.24,Y,0,1903700367,neg,0,,reassigned VIA,0,1,Does this mean there may be data points for two individuals that are actually the same individual?,
SMNWR_W,SMNWR0124,2/11/20,NOVI,NV20-046,26,M,J,0.9,Y,0,1903700010,pos,2957.57,,,0,0,,
SMNWR_W,SMNWR0124,2/22/20,NOVI,NV20-046,27,U,J,0.99,Y,0,1903700125,pos,38421.85,,,0,0,,
SMNWR_W,SMNWR0124,2/11/20,NOVI,NV20-047,23,M,J,0.54,Y,0,1903700011,neg,0,,,0,0,,
SMNWR_W,SMNWR3001,2/11/20,NOVI,NV20-048,35,U,J,1.26,Y,0,1903700012,neg,0.00,NV20-048,,0,0,,
SMNWR_W,SMNWR3001,2/14/20,NOVI,NV20-048,36,U,J,1.29,Y,0,1903700044,neg,0,,,0,0,,
SMNWR_W,SMNWR0124,2/11/20,NOVI,NV20-049,46,M,A,2.64,Y,0,1903700013,pos,18268.45,NV20-049,,0,0,,
SMNWR_W,SMNWR0124,3/6/20,NOVI,NV20-049,44,F,A,2.81,Y,0,1903700255,neg,0,,Couldn’t read VIA,0,1,not sure about this note with a unique AnimalID still recorded,
SMNWR_W,SMNWR3001,2/11/20,NOVI,NV20-050,21,M,J,0.51,Y,0,1903700014,neg,0,,,0,0,,
SMNWR_W,SMNWR3001,2/12/20,NOVI,NV20-051,42,M,A,2.22,Y,0,1903700017,pos,72.21,NV20-051,,0,0,,
SMNWR_W,SMNWR3001,7/21/21,NOVI,NV20-051,41,M,A,3.05,N,,,,,,,0,0,,
SMNWR_W,SMNWR3001,9/15/21,NOVI,NV20-051,41,M,A,3.05,N,,,,,,,0,0,,
SMNWR_W,SMNWR3001,4/1/21,NOVI,NV20-051,45,M,A,3.5,N,,,,,,,0,0,,
SMNWR_W,SMNWR0124,2/12/20,NOVI,NV20-052,47,M,A,2.46,Y,0,1903700018,pos,25440.82,NV20-052,,0,0,,
SMNWR_W,SMNWR0124,2/28/20,NOVI,NV20-052,44,F,A,3.08,Y,0,1903700211,neg,0,,,0,0,,
SMNWR_W,SMNWR0124,2/15/20,NOVI,NV20-052,47,M,A,2.46,N,,,,,,,0,0,,
SMNWR_W,SMNWR0124,2/12/20,NOVI,NV20-053,42,M,A,2.19,Y,0,1903700019,neg,0,NV20-053,,0,0,,
SMNWR_W,SMNWR0124,2/26/20,NOVI,NV20-053,43,M,A,2.23,Y,0,1903700179,pos,15962.63,,,0,0,,
SMNWR_W,SMNWR0124,3/4/20,NOVI,NV20-053,44,M,A,2.51,Y,0,1903700236,pos,65732.98,,,0,0,,
SMNWR_W,SMNWR0124,2/16/20,NOVI,NV20-053,,M,A,,N,,,,,,,0,0,,
SMNWR_W,SMNWR0124,2/13/20,NOVI,NV20-053,42,M,A,2.19,N,,,,,,,0,0,,
SMNWR_W,SMNWR0124,2/12/20,NOVI,NV20-054,41,M,A,1.83,Y,0,1903700020,pos,26611.15,NV20-054,,0,0,,
SMNWR_W,SMNWR0124,3/4/20,NOVI,NV20-054,38,M,A,1.99,Y,0,1903700238,pos,153649.62,,,0,0,,
SMNWR_W,SMNWR0124,2/12/20,NOVI,NV20-055,5,U,J,0.54,Y,0,1903700021,pos,54426.00,NV20-055,,0,0,,
SMNWR_W,SMNWR0124,2/13/20,NOVI,NV20-056,24,M,J,1.24,Y,0,1903700022,pos,630.57,NV20-056,,0,0,,
SMNWR_W,SMNWR0124,2/25/20,NOVI,NV20-056,35,F,A,1.51,Y,0,1903700156,pos,238135.68,,,0,0,,
SMNWR_W,SMNWR0124,2/13/20,NOVI,NV20-057,26,U,J,0.62,Y,0,1903700023,neg,0,NV20-057,,0,0,,
SMNWR_W,SMNWR3001,2/13/20,NOVI,NV20-058,42,F,A,2.28,Y,0,1903700024,neg,0.00,NV20-058,,0,0,,
SMNWR_W,SMNWR3001,2/13/20,NOVI,NV20-059,44,M,A,2.38,Y,0,1903700025,neg,0,NV20-059,,0,0,,
SMNWR_W,SMNWR0124,2/13/20,NOVI,NV20-060,43,F,A,2.37,Y,0,1903700026,neg,0,NV20-060,,0,0,,
SMNWR_W,SMNWR0124,2/14/20,NOVI,NV20-061,34,F,A,1.37,Y,0,1903700028,pos,1432.35,NV20-061,,0,0,,
SMNWR_W,SMNWR0124,2/19/20,NOVI,NV20-061,31,M,A,1.48,Y,0,1903700075,pos,190438.31,,VIA unreadable,0,1,not sure about this note with a unique AnimalID still recorded,
SMNWR_W,SMNWR0124,2/14/20,NOVI,NV20-062,46,M,A,2.77,Y,0,1903700029,pos,11376.78,NV20-062,,0,0,,
SMNWR_W,SMNWR0124,2/14/20,NOVI,NV20-063,41,M,A,2.19,Y,0,1903700030,pos,8709.81,NV20-063,,0,0,,
SMNWR_W,SMNWR0124,2/16/20,NOVI,NV20-063,,M,A,,N,,,,,,,0,0,,
SMNWR_W,SMNWR0124,2/14/20,NOVI,NV20-064,44,M,A,2.04,Y,0,1903700031,pos,65197.66,NV20-064,,0,0,,
SMNWR_W,SMNWR0124,2/14/20,NOVI,NV20-065,54,F,A,2.13,Y,0,1903700032,pos,13508.21,NV20-065,,0,0,,
SMNWR_W,SMNWR0124,2/26/20,NOVI,NV20-065,47,F,A,2.22,Y,0,1903700177,pos,48176.16,,,0,0,,
SMNWR_W,SMNWR0124,2/14/20,NOVI,NV20-066,41,M,A,2.54,Y,0,1903700033,pos,2537.16,NV20-066,,0,0,,
SMNWR_W,SMNWR0124,2/22/20,NOVI,NV20-066,41,M,A,3.21,Y,0,1903700128,pos,15344.04,,,0,0,,
SMNWR_W,SMNWR0124,2/28/20,NOVI,NV20-066,44,M,A,2.88,Y,0,1903700210,pos,252.16,,,0,0,,
SMNWR_W,SMNWR0124,2/16/20,NOVI,NV20-066,,M,A,,N,,,,,,,0,0,,
SMNWR_W,SMNWR0124,2/14/20,NOVI,NV20-067,45,F,A,2.67,Y,0,1903700034,neg,0,NV20-067,,0,0,,
SMNWR_W,SMNWR0124,2/14/20,NOVI,NV20-068,49,F,A,3.5,Y,0,1903700035,pos,740.08,NV20-068,,0,0,,
SMNWR_W,SMNWR0124,2/28/20,NOVI,NV20-068,49,F,A,4.03,Y,0,1903700212,pos,412998.49,,,0,0,,
SMNWR_W,SMNWR0124,2/22/20,NOVI,NV20-069,,M,A,,N,,,,,,tail damaged by crayfish,1,0,,
SMNWR_W,SMNWR0124,2/14/20,NOVI,NV20-069,44,M,A,2.21,Y,0,1903700036,pos,21353.70,NV20-069,,0,0,,
SMNWR_W,SMNWR0124,2/16/20,NOVI,NV20-069,,M,A,,N,,,,,,,0,0,,
SMNWR_W,SMNWR0124,2/14/20,NOVI,NV20-070,24,U,J,0.48,Y,0,1903700042,pos,7594.93,,,0,0,,
SMNWR_W,SMNWR0124,2/16/20,NOVI,NV20-070,,U,J,,N,,,,,,,0,0,,
SMNWR_W,SMNWR0124,2/14/20,NOVI,NV20-071,45,M,A,2.41,Y,0,1903700045,pos,53799.14,,,0,0,,
SMNWR_W,SMNWR0124,2/14/20,NOVI,NV20-072,37,M,A,1.89,Y,0,1903700046,pos,6073.70,,,0,0,,
SMNWR_W,SMNWR0124,3/3/20,NOVI,NV20-072,42,M,A,2.11,Y,0,1903700224,pos,76.78,,,0,0,,
SMNWR_W,SMNWR3001,10/1/20,NOVI,NV20-072,43,M,A,2.66,Y,0,1903700383,neg,0,,,0,0,,
SMNWR_W,SMNWR3001,7/22/21,NOVI,NV20-072,41,M,A,3.11,N,,,,,,,0,0,,
SMNWR_W,SMNWR0124,2/15/20,NOVI,NV20-073,39,M,A,1.51,Y,0,1903700047,pos,20056.09,NV20-073,,0,0,,
SMNWR_W,SMNWR0124,2/25/20,NOVI,NV20-073,35,M,A,1.62,Y,0,1903700155,pos,8136.06,,,0,0,,
SMNWR_W,SMNWR0124,2/16/20,NOVI,NV20-073,,M,A,,N,,,,,,,0,0,,
SMNWR_W,SMNWR0124,2/15/20,NOVI,NV20-074,44,F,A,3.07,Y,0,1903700048,neg,0,NV20-074,,0,0,,
SMNWR_W,SMNWR0124,2/15/20,NOVI,NV20-075,49,F,A,3.62,Y,0,1903700049,pos,1994.70,NV20-075,,0,0,,
SMNWR_W,SMNWR0124,2/15/20,NOVI,NV20-076,48,F,A,3.11,Y,0,1903700050,pos,58582.58,NV20-076,,0,0,,
SMNWR_W,SMNWR0124,3/5/20,NOVI,NV20-076,45,F,A,3.26,Y,0,1903700245,pos,5573.97,,,0,0,,
SMNWR_W,SMNWR0124,2/16/20,NOVI,NV20-077,46,F,A,3.02,Y,0,1903700052,pos,34547.03,NV20-077,,0,0,,
SMNWR_W,SMNWR0124,2/24/20,NOVI,NV20-077,45,F,A,3.15,Y,0,1903700138,pos,1427.48,,,0,0,,
SMNWR_W,SMNWR0124,2/16/20,NOVI,NV20-078,39,F,A,2.36,Y,0,1903700053,pos,382.13,NV20-078,,0,0,,
SMNWR_W,SMNWR0124,3/3/20,NOVI,NV20-078,44,F,A,2.9,Y,0,1903700229,neg,0,,gravid,0,0,,
SMNWR_W,SMNWR0124,2/16/20,NOVI,NV20-079,22,U,J,0.41,Y,0,1903700054,pos,92292.03,,,0,0,,
SMNWR_W,SMNWR0124,2/16/20,NOVI,NV20-080,48,F,A,2.96,Y,0,1903700055,pos,17862.22,NV20-080,,0,0,,
SMNWR_W,SMNWR0124,2/27/20,NOVI,NV20-080,47,F,A,3.2,Y,0,1903700199,pos,5303.47,,,0,0,,
SMNWR_W,SMNWR0124,2/16/20,NOVI,NV20-081,48,F,A,3.02,Y,0,1903700056,neg,0,NV20-081,,0,0,,
SMNWR_W,SMNWR0124,2/16/20,NOVI,NV20-082,24,U,J,0.49,Y,0,1903700057,neg,0,,,0,0,,
SMNWR_W,SMNWR0124,2/16/20,NOVI,NV20-083,25,U,J,-999,Y,0,1903700058,pos,1878.60,,,0,0,,
SMNWR_W,SMNWR0124,2/17/20,NOVI,NV20-084,45,M,A,3.13,Y,0,1903700060,pos,57.87,NV20-084,,0,0,,
SMNWR_W,SMNWR0124,2/17/20,NOVI,NV20-085,45,U,A,2.92,Y,0,1903700061,pos,7375.61,NV20-085,,0,0,,
SMNWR_W,SMNWR0124,2/17/20,NOVI,NV20-086,37,F,J,2.05,Y,0,1903700062,neg,0,NV20-086,,0,0,,
SMNWR_W,SMNWR0124,2/17/20,NOVI,NV20-087,35,F,J,1.94,Y,0,1903700063,pos,996.80,NV20-087,,0,0,,
SMNWR_W,SMNWR0124,2/21/20,NOVI,NV20-087,39,M,A,1.94,Y,0,1903700109,pos,86.98,,VIA unreadable,0,1,not sure about this note with a unique AnimalID still recorded,
SMNWR_W,SMNWR0124,3/3/20,NOVI,NV20-087,41,M,A,2.13,Y,0,1903700226,pos,6690.80,,,0,0,,
SMNWR_W,SMNWR0124,2/17/20,NOVI,NV20-088,42,M,A,2.37,Y,0,1903700064,pos,24189.74,NV20-088,,0,0,,
SMNWR_W,SMNWR0124,2/22/20,NOVI,NV20-088,,M,A,,N,,,,,,caught new on 2/14/20; PIT fell out; tagged again on 2/17; original VIA removed; oragne G13 was coming out; this newt wa recorded as NV-212,0,1,Same kind of comment,
SMNWR_W,SMNWR0124,2/17/20,NOVI,NV20-089,42,M,A,3.34,Y,0,1903700065,pos,635.31,NV20-089,,0,0,,
SMNWR_W,SMNWR0124,2/24/20,NOVI,NV20-089,46,M,A,3.51,Y,0,1903700136,pos,2455.51,,,0,0,,
SMNWR_W,SMNWR0124,2/17/20,NOVI,NV20-090,32,U,J,1.24,Y,0,1903700066,pos,70801.33,NV20-090,,0,0,,
SMNWR_W,SMNWR0124,2/22/20,NOVI,NV20-090,,U,,,Y,0,1903700123,pos,4788159.95,,VIA falling out.  Reinserted?,0,1,How is reinserted a question? was it or not? What to do with this info? Could this animal have been caught again?,
SMNWR_W,SMNWR0124,2/17/20,NOVI,NV20-091,44,M,A,2.97,Y,0,1903700067,pos,46721.27,NV20-091,,0,0,,
SMNWR_W,SMNWR0124,2/19/20,NOVI,NV20-091,45,F,A,2.86,Y,0,1903700073,pos,59224.81,,lost PIT and was replaced?,0,1,Does this mean it may have been a recap but we don’t know?,
SMNWR_W,SMNWR0124,3/3/20,NOVI,NV20-091,48,F,A,3.29,Y,0,1903700218,pos,329827.18,,,0,0,,
SMNWR_W,SMNWR0124,2/18/20,NOVI,NV20-092,48,F,A,3.72,Y,0,1903700070,neg,0,NV20-092,,0,0,,
SMNWR_W,SMNWR0124,2/18/20,NOVI,NV20-093,41,M,A,1.97,Y,0,1903700078,pos,76.99,NV20-093,,0,0,,
SMNWR_W,SMNWR0124,2/22/20,NOVI,NV20-093,41,M,A,1.97,N,,,,,,photo on 2/18,0,0,,
SMNWR_W,SMNWR3001,2/18/20,NOVI,NV20-094,43,M,A,2.31,Y,0,1903700072,pos,177.41,,,0,0,,
SMNWR_W,SMNWR3001,2/26/20,NOVI,NV20-094,44,M,A,2.18,Y,0,1903700181,neg,0,,,0,0,,
SMNWR_W,SMNWR3001,7/23/20,NOVI,NV20-094,45,M,A,2.74,Y,0,1903700319,neg,0,,new via,0,1,Does this mean it may have been a recap but we don’t know?,
SMNWR_W,SMNWR0124,2/19/20,NOVI,NV20-095,21,U,J,0.64,Y,0,1903700074,pos,23748.75,,,0,0,,
SMNWR_W,SMNWR0124,2/22/20,NOVI,NV20-095,21,U,J,0.64,Y,0,1903700126,pos,307052.16,,,0,0,,
SMNWR_W,SMNWR0124,2/19/20,NOVI,NV20-096,49,M,A,3.48,Y,0,1903700071,pos,380829.82,,,0,0,,
SMNWR_W,SMNWR0124,3/4/20,NOVI,NV20-096,50,M,A,3.09,Y,0,1903700235,pos,846983.74,,,0,0,,
SMNWR_W,SMNWR0124,2/20/20,NOVI,NV20-097,44,U,J,1.65,Y,0,1903700077,neg,0,,,0,0,,
SMNWR_W,SMNWR0124,2/21/20,NOVI,NV20-098,24,U,J,0.57,Y,0,1903700107,neg,0,,,0,0,,
SMNWR_W,SMNWR0124,2/21/20,NOVI,NV20-099,45,M,A,2.4,Y,0,1903700107,neg,0,,,0,0,,
SMNWR_W,SMNWR3001,2/28/20,NOVI,NV20-099,41,M,A,2.7,Y,0,1903700214,neg,0.00,,,0,0,,
SMNWR_W,SMNWR0124,2/21/20,NOVI,NV20-100,42,F,A,2.59,Y,0,1903700108,pos,25948.58,,,0,0,,
SMNWR_W,SMNWR3001,10/7/21,NOVI,NV20-100,49,F,A,4.01,N,,,,,,did the PIT  <982.126057847505> not get read? May have dropped?,0,1,Same kind of comment,
SMNWR_W,SMNWR3001,7/20/21,NOVI,NV20-100,46,F,A,3.63,N,,,,,,,0,0,,
SMNWR_W,SMNWR0124,2/21/20,NOVI,NV20-101,40,F,A,1.6,Y,0,1903700110,pos,100361.12,,,0,0,,
SMNWR_W,SMNWR0124,2/21/20,NOVI,NV20-102,46,M,A,2.66,Y,0,1903700112,pos,348.78,,,0,0,,
SMNWR_W,SMNWR0124,2/26/20,NOVI,NV20-102,43,M,A,2.8,Y,0,1903700182,pos,15470.02,,,0,0,,
SMNWR_W,SMNWR0124,2/21/20,NOVI,NV20-103,42,M,A,1.7,Y,0,1903700113,pos,1181.13,,,0,0,,
SMNWR_W,SMNWR3001,2/22/20,NOVI,NV20-104,43,M,A,1.73,Y,0,1903700117,neg,0,,,0,0,,
SMNWR_W,SMNWR3001,3/5/20,NOVI,NV20-104,41,M,A,1.9,Y,0,1903700244,pos,779.95,,,0,0,,
SMNWR_W,SMNWR3001,7/23/20,NOVI,NV20-104,43,M,A,2.08,Y,0,1903700320,neg,0,,new via,0,1,Does this mean it may have been a recap but we don’t know?,
SMNWR_W,SMNWR3001,9/24/20,NOVI,NV20-104,46,M,A,2.21,Y,0,1903700364,neg,0,,reassigned VIA,0,1,Does this mean there may be data points for two individuals that are actually the same individual?,
SMNWR_W,SMNWR3001,9/29/20,NOVI,NV20-104,48,M,A,2.5,Y,0,1903700379,neg,0,,,0,0,,
SMNWR_W,SMNWR3001,2/9/21,NOVI,NV20-104,45,M,A,2.99,Y,0,1903700460,pos,17.57,,,0,0,,
SMNWR_W,SMNWR3001,2/10/21,NOVI,NV20-104,42,M,A,2.74,Y,0,1903700470,pos,1007.72,,,0,0,,
SMNWR_W,SMNWR3001,2/11/21,NOVI,NV20-104,43,M,A,2.64,Y,0,1903700487,pos,1674.25,,,0,0,,
SMNWR_W,SMNWR3001,2/12/21,NOVI,NV20-104,49,M,A,2.75,Y,0,1903700497,neg,0.00,,,0,0,,
SMNWR_W,SMNWR3001,9/14/21,NOVI,NV20-104,46,M,A,2.41,N,,,,,,,0,0,,
SMNWR_W,SMNWR3001,10/6/21,NOVI,NV20-104,46,M,A,2.31,N,,,,,,,0,0,,
SMNWR_W,SMNWR3001,4/1/21,NOVI,NV20-104,47,M,A,3.07,N,,,,,,Lost last VIA,0,0,,
SMNWR_W,SMNWR3001,2/22/20,NOVI,NV20-105,24,U,J,1.04,Y,0,1903700118,pos,87.51,,,0,0,,
SMNWR_W,SMNWR0124,2/22/20,NOVI,NV20-106,51,F,A,3.92,Y,0,1903700119,pos,438.82,,,0,0,,
SMNWR_W,SMNWR0124,2/22/20,NOVI,NV20-107,26,U,J,0.73,Y,0,1903700120,pos,146392.67,,,0,0,,
SMNWR_W,SMNWR0124,2/22/20,NOVI,NV20-108,30,U,J,0.95,Y,0,1903700121,pos,96012.78,,,0,0,,
SMNWR_W,SMNWR0124,2/22/20,NOVI,NV20-109,26,U,J,0.62,Y,0,1903700122,pos,631426.12,,,0,0,,
SMNWR_W,SMNWR0124,2/22/20,NOVI,NV20-110,41,M,A,1.17,Y,0,1903700124,pos,66272.70,,,0,0,,
SMNWR_W,SMNWR0124,2/22/20,NOVI,NV20-111,48,M,A,3.19,Y,0,1903700127,pos,50152.54,,,0,0,,
SMNWR_W,SMNWR0124,2/23/20,NOVI,NV20-112,47,F,A,3.56,Y,0,1903700129,pos,2229.04,,,0,0,,
SMNWR_W,SMNWR3001,2/23/20,NOVI,NV20-113,26,U,J,0.73,Y,0,1903700130,pos,10362.75,,,0,0,,
SMNWR_W,SMNWR3001,2/26/20,NOVI,NV20-113,26,U,J,0.79,Y,0,1903700169,pos,5790.79,,,0,0,,
SMNWR_W,SMNWR3001,2/23/20,NOVI,NV20-114,45,F,A,1.56,Y,0,1903700131,neg,0,,,0,0,,
SMNWR_W,SMNWR3001,7/28/20,NOVI,NV20-114,47,F,A,2.56,Y,0,1903700342,neg,0,,,0,0,,
SMNWR_W,SMNWR3001,9/29/20,NOVI,NV20-114,49,F,A,2.68,Y,0,1903700378,neg,0,,,0,0,,
SMNWR_W,SMNWR3001,10/7/21,NOVI,NV20-114,49,F,A,3.26,N,,,,,,did the PIT  <982.126057847484> not getread? May have dropped?,0,1,Same kind of comment,
SMNWR_W,SMNWR3001,7/30/20,NOVI,NV20-114,,F,A,,N,,,,,,,0,0,,
SMNWR_W,SMNWR3001,9/23/21,NOVI,NV20-114,47,F,A,3.01,N,,,,,,,0,0,,
SMNWR_W,SMNWR3001,10/5/21,NOVI,NV20-114,47,F,A,3.13,N,,,,,,,0,0,,
SMNWR_W,SMNWR3001,9/14/21,NOVI,NV20-114,49,F,A,3.16,N,,,,,,,0,0,,
SMNWR_W,SMNWR3001,2/23/20,NOVI,NV20-115,36,M,A,-,Y,0,1903700132,neg,0,,,0,0,,
SMNWR_W,SMNWR3001,2/27/20,NOVI,NV20-115,,U,,,N,,,,,,,0,0,,
SMNWR_W,SMNWR3001,2/23/20,NOVI,NV20-116,28,U,J,0.92,Y,0,1903700133,neg,0,,,0,0,,
SMNWR_W,SMNWR3001,7/23/20,NOVI,NV20-116,33,F,A,1.41,Y,0,1903700301,neg,0,,,0,0,,
SMNWR_W,SMNWR3001,2/24/20,NOVI,NV20-117,44,M,A,2.43,Y,0,1903700137,pos,145.20,,,0,0,,
SMNWR_W,SMNWR3001,2/25/20,NOVI,NV20-117,44,M,A,2.33,Y,0,1903700157,neg,0,,,0,0,,
SMNWR_W,SMNWR3001,7/23/20,NOVI,NV20-117,44,M,A,2.46,Y,0,1903700311,neg,0,,,0,0,,
SMNWR_W,SMNWR3001,1/22/21,NOVI,NV20-117,51,M,A,3.09,Y,0,1903700427,pos,1577.88,,,0,0,,
SMNWR_W,SMNWR3001,7/28/20,NOVI,NV20-117,,M,A,,N,,,,,,,0,0,,
SMNWR_W,SMNWR3001,7/30/20,NOVI,NV20-117,,M,A,,N,,,,,,,0,0,,
SMNWR_W,SMNWR3001,7/20/21,NOVI,NV20-117,47,M,A,3.41,N,,,,,,,0,0,,
SMNWR_W,SMNWR3001,9/21/21,NOVI,NV20-117,47,M,A,3.25,N,,,,,,,0,0,,
SMNWR_W,SMNWR3001,2/24/20,NOVI,NV20-118,38,F,A,2,Y,0,1903700140,pos,203.31,,,0,0,,
SMNWR_W,SMNWR0124,2/24/20,NOVI,NV20-119,51,F,A,3.01,Y,0,1903700141,pos,36136.25,,,0,0,,
SMNWR_W,SMNWR0124,2/24/20,NOVI,NV20-120,35,M,A,1.73,Y,0,1903700142,pos,99679.55,,,0,0,,
SMNWR_W,SMNWR0124,2/24/20,NOVI,NV20-121,40,F,A,2.19,Y,0,1903700143,pos,18671.19,,,0,0,,
SMNWR_W,SMNWR0124,2/24/20,NOVI,NV20-122,27,U,J,0.57,Y,0,1903700144,pos,21839.33,,,0,0,,
SMNWR_W,SMNWR0124,2/24/20,NOVI,NV20-123,36,F,A,1.15,Y,0,1903700145,pos,1343.48,,,0,0,,
SMNWR_W,SMNWR0124,2/24/20,NOVI,NV20-124,48,F,A,2.14,Y,0,1903700146,pos,65064.51,,,0,0,,
SMNWR_W,SMNWR0124,2/24/20,NOVI,NV20-125,25,U,J,0.49,Y,0,1903700147,pos,2880005.20,,,0,0,,
SMNWR_W,SMNWR0124,2/25/20,NOVI,NV20-126,45,M,A,3.33,Y,0,1903700153,pos,23781.13,,,0,0,,
SMNWR_W,SMNWR0124,2/26/20,NOVI,NV20-126,,M,A,,N,,,,,,gilled?,0,0,,
SMNWR_W,SMNWR0124,3/3/20,NOVI,NV20-127,42,F,A,2.48,Y,0,1903700230,pos,443.33,,,0,0,,
SMNWR_W,SMNWR3001,2/25/20,NOVI,NV20-127,44,F,A,2.56,Y,0,1903700154,pos,299.61,,,0,0,,
SMNWR_W,SMNWR3001,2/25/20,NOVI,NV20-128,40,U,J,1.13,Y,0,1903700158,pos,144.41,,,0,0,,
SMNWR_W,SMNWR0124,2/25/20,NOVI,NV20-129,42,M,A,2.33,Y,0,1903700159,pos,254.41,,,0,0,,
SMNWR_W,SMNWR3001,2/25/20,NOVI,NV20-130,26,U,J,0.52,Y,0,1903700160,neg,0,,,0,0,,
SMNWR_W,SMNWR3001,2/5/21,NOVI,NV20-130,28,U,J,0.75,Y,0,1903700453,pos,17358.24,,,0,0,,
SMNWR_W,SMNWR3001,2/25/20,NOVI,NV20-131,22,U,J,0.83,Y,0,1903700162,pos,411.59,,,0,0,,
SMNWR_W,SMNWR3001,2/25/20,NOVI,NV20-132,40,M,A,1.99,Y,0,1903700163,neg,0,,,0,0,,
SMNWR_W,SMNWR0124,2/25/20,NOVI,NV20-133,45,M,A,2.04,Y,0,1903700164,pos,22504.07,,this PIT or the RECAP is wrong,0,1,Same kind of comment,
SMNWR_W,SMNWR0124,3/3/20,NOVI,NV20-133,50,M,A,3.36,Y,0,1903700232,pos,1973.07,,this PIT or the original is wrong,0,1,Same kind of comment,
SMNWR_W,SMNWR3001,2/25/20,NOVI,NV20-134,46,M,A,3.18,Y,0,1903700165,pos,167.31,,,0,0,,
SMNWR_W,SMNWR3001,2/25/20,NOVI,NV20-135,41,M,A,2.52,Y,0,1903700166,pos,60.61,,,0,0,,
SMNWR_W,SMNWR0124,2/25/20,NOVI,NV20-136,23,U,J,0.67,Y,0,1903700167,pos,389.49,,,0,0,,
SMNWR_W,SMNWR3001,2/26/20,NOVI,NV20-137,46,F,A,3.7,Y,0,1903700168,pos,7400.79,,not PIT tagged bc gravid,0,1,Same kind of comment,
SMNWR_W,SMNWR3001,2/26/20,NOVI,NV20-138,29,U,J,0.9,Y,0,1903700170,neg,0,,,0,0,,
SMNWR_W,SMNWR3001,2/26/20,NOVI,NV20-139,46,F,A,2.87,Y,0,1903700171,pos,24689.35,,,0,0,,
SMNWR_W,SMNWR3001,2/26/20,NOVI,NV20-140,40,F,A,2.32,Y,0,1903700172,pos,381.35,,,0,0,,
SMNWR_W,SMNWR3001,7/24/20,NOVI,NV20-140,42,F,A,2.06,Y,0,1903700334,neg,0,,,0,0,,
SMNWR_W,SMNWR3001,3/31/21,NOVI,NV20-140,46,F,A,3.96,N,,,,,,,0,0,,
SMNWR_W,SMNWR0124,2/26/20,NOVI,NV20-141,42,F,A,2.49,Y,0,1903700173,neg,0,,,0,0,,
SMNWR_W,SMNWR0124,2/26/20,NOVI,NV20-142,45,F,A,2.81,Y,0,1903700174,neg,0,,,0,0,,
SMNWR_W,SMNWR0124,2/26/20,NOVI,NV20-143,44,F,A,2.46,Y,0,1903700175,pos,1066362.01,,,0,0,,
SMNWR_W,SMNWR3001,2/27/20,NOVI,NV20-144,32,M,A,1.16,Y,0,1903700183,pos,9439.10,,,0,0,,
SMNWR_W,SMNWR3001,2/27/20,NOVI,NV20-145,50,F,A,3.18,Y,0,1903700184,neg,0,,,0,0,,
SMNWR_W,SMNWR3001,3/31/21,NOVI,NV20-145,47,F,A,4.37,N,,,,,,,0,0,,
SMNWR_W,SMNWR3001,2/27/20,NOVI,NV20-146,42,M,A,2.87,Y,0,1903700185,pos,77.57,,,0,0,,
SMNWR_W,SMNWR3001,3/4/20,NOVI,NV20-146,45,M,A,2.92,Y,0,1903700237,pos,17.67,,,0,0,,
SMNWR_W,SMNWR3001,2/27/20,NOVI,NV20-147,33,F,J,1,Y,0,1903700186,neg,0,,,0,0,,
SMNWR_W,SMNWR3001,9/25/20,NOVI,NV20-147,48,M,A,2.69,Y,0,1903700371,neg,0,,,0,0,,
SMNWR_W,SMNWR0124,2/27/20,NOVI,NV20-148,46,M,A,2.54,Y,0,1903700187,pos,79.99,,,0,0,,
SMNWR_W,SMNWR0124,3/5/20,NOVI,NV20-148,44,M,A,2.56,Y,0,1903700246,pos,218.84,,,0,0,,
SMNWR_W,SMNWR0124,2/27/20,NOVI,NV20-149,49,F,A,4.25,Y,0,1903700188,neg,0,,gravid so not PIT tagged or VIA,0,1,not sure about this note with a unique AnimalID still recorded,
SMNWR_W,SMNWR3001,2/27/20,NOVI,NV20-150,46,F,A,2.09,Y,0,1903700189,neg,0,,,0,0,,
SMNWR_W,SMNWR0124,2/27/20,NOVI,NV20-151,41,M,A,1.85,Y,0,1903700190,pos,584.63,,,0,0,,
SMNWR_W,SMNWR3001,10/7/21,NOVI,NV20-151,43,M,A,3.04,N,,,,,,"had PIT but no VIE, was added",0,1,Same kind of comment,
SMNWR_W,SMNWR3001,2/27/20,NOVI,NV20-152,29,U,J,1.1,Y,0,1903700191,pos,5450.02,,,0,0,,
SMNWR_W,SMNWR3001,2/27/20,NOVI,NV20-153,41,F,A,1.9,Y,0,1903700192,pos,168.91,,,0,0,,
SMNWR_W,SMNWR3001,7/22/20,NOVI,NV20-153,46,F,A,2.67,Y,0,1903700291,neg,0,,new via,0,1,Does this mean it may have been a recap but we don’t know?,
SMNWR_W,SMNWR0124,2/27/20,NOVI,NV20-154,28,U,J,0.56,Y,0,1903700193,pos,102503.77,,,0,0,,
SMNWR_W,SMNWR3001,2/27/20,NOVI,NV20-155,56,F,A,4.1,Y,0,1903700194,pos,7003.36,,,0,0,,
SMNWR_W,SMNWR0124,2/28/20,NOVI,NV20-156,47,F,A,2.5,Y,0,1903700201,pos,1886.30,,,0,0,,
SMNWR_W,SMNWR0124,2/28/20,NOVI,NV20-157,48,F,A,2.28,Y,0,1903700202,pos,42.76,,,0,0,,
SMNWR_W,SMNWR0124,2/28/20,NOVI,NV20-158,24,U,J,0.48,Y,0,1903700203,pos,84123.17,,,0,0,,
SMNWR_W,SMNWR0124,2/28/20,NOVI,NV20-159,42,F,A,1.67,Y,0,1903700204,pos,13453.09,,,0,0,,
SMNWR_W,SMNWR0124,2/28/20,NOVI,NV20-160,44,F,A,4.04,Y,0,1903700205,pos,32580.63,,,0,0,,
SMNWR_W,SMNWR0124,3/3/20,NOVI,NV20-160,48,F,A,4.09,Y,0,1903700231,pos,36358.56,,gravid,0,0,,
SMNWR_W,SMNWR0124,3/5/20,NOVI,NV20-160,48,F,A,4.09,Y,0,1903700252,pos,118596.58,,,0,0,,
SMNWR_W,SMNWR3001,2/28/20,NOVI,NV20-161,31,U,J,0.94,Y,0,1903700206,pos,2258.09,,,0,0,,
SMNWR_W,SMNWR0124,2/28/20,NOVI,NV20-162,27,U,J,0.35,Y,0,1903700207,pos,113690.34,,,0,0,,
SMNWR_W,SMNWR0124,3/6/20,NOVI,NV20-162,21,U,J,0.37,Y,0,1903700257,pos,2172059.99,,,0,0,,
SMNWR_W,SMNWR3001,2/28/20,NOVI,NV20-163,46,F,A,3.26,Y,0,1903700208,pos,2509.64,,,0,0,,
SMNWR_W,SMNWR3001,9/24/20,NOVI,NV20-163,45,F,A,2.63,Y,0,1903700366,neg,0,,reassigned VIA,0,1,Does this mean there may be data points for two individuals that are actually the same individual?,
SMNWR_W,SMNWR3001,2/28/20,NOVI,NV20-164,41,F,A,2.37,Y,0,1903700209,pos,258.96,,,0,0,,
SMNWR_W,SMNWR0124,3/3/20,NOVI,NV20-165,43,M,A,2.8,Y,0,1903700216,pos,1930.52,,,0,0,,
SMNWR_W,SMNWR3001,3/3/20,NOVI,NV20-166,43,M,A,2.65,Y,0,1903700217,pos,34.50,,,0,0,,
SMNWR_W,SMNWR0124,3/3/20,NOVI,NV20-167,45,M,A,3.07,Y,0,1903700219,pos,11338.09,,,0,0,,
SMNWR_W,SMNWR0124,3/3/20,NOVI,NV20-168,44,M,A,2.78,Y,0,1903700220,pos,10090.97,,,0,0,,
SMNWR_W,SMNWR0124,3/3/20,NOVI,NV20-169,37,M,A,1.4,Y,0,1903700221,pos,3144.64,,,0,0,,
SMNWR_W,SMNWR0124,3/3/20,NOVI,NV20-170,47,F,A,2.14,Y,0,1903700222,neg,0,,,0,0,,
SMNWR_W,SMNWR0124,3/3/20,NOVI,NV20-171,41,M,A,2.29,Y,0,1903700223,neg,0,,,0,0,,
SMNWR_W,SMNWR3001,3/3/20,NOVI,NV20-172,28,U,J,0.75,Y,0,1903700225,pos,25.23,,,0,0,,
SMNWR_W,SMNWR0124,3/3/20,NOVI,NV20-173,23,U,J,0.36,Y,0,1903700227,pos,3227.13,,,0,0,,
SMNWR_W,SMNWR0124,3/3/20,NOVI,NV20-174,23,U,J,0.7,Y,0,1903700228,neg,0,,,0,0,,
SMNWR_W,SMNWR0124,3/4/20,NOVI,NV20-175,37,F,A,1.43,Y,0,1903700239,pos,284.10,,,0,0,,
SMNWR_W,SMNWR3001,3/4/20,NOVI,NV20-176,30,F,J,1.03,Y,0,1903700240,pos,711.88,,,0,0,,
SMNWR_W,SMNWR3001,7/29/20,NOVI,NV20-176,31,M,A,1.3,Y,0,1903700349,pos,24.93,,got first PIT tag upon this catpure; VIE RPxR replaced w/VIA,0,1,Same kind of comment,
SMNWR_W,SMNWR0124,3/4/20,NOVI,NV20-177,46,M,A,3.16,Y,0,1903700241,pos,279.87,,,0,0,,
SMNWR_W,SMNWR3001,3/4/20,NOVI,NV20-178,47,M,A,2.96,Y,0,1903700242,neg,0,,,0,0,,
SMNWR_W,SMNWR3001,3/5/20,NOVI,NV20-179,27,U,J,0.7,Y,0,1903700247,pos,29334.85,,,0,0,,
SMNWR_W,SMNWR3001,3/5/20,NOVI,NV20-180,49,M,A,3.47,Y,0,1903700248,pos,23094.41,,,0,0,,
SMNWR_W,SMNWR3001,3/5/20,NOVI,NV20-181,26,U,J,0.56,Y,0,1903700249,pos,14362.59,,,0,0,,
SMNWR_W,SMNWR3001,3/5/20,NOVI,NV20-182,44,F,A,3.1,Y,0,1903700250,pos,1547.00,,,0,0,,
SMNWR_W,SMNWR0124,3/5/20,NOVI,NV20-183,25,U,J,0.64,Y,0,1903700251,pos,24892.06,,,0,0,,
SMNWR_W,SMNWR3001,3/5/20,NOVI,NV20-184,27,U,J,0.66,Y,0,1903700253,pos,1955.67,,,0,0,,
SMNWR_W,SMNWR3001,4/15/20,NOVI,NV20-185,41,M,A,2.12,Y,0,1903700263,neg,0,,,0,0,,
SMNWR_W,SMNWR3001,4/15/20,NOVI,NV20-186,28,U,J,0.89,Y,0,1903700265,pos,674.11,,,0,0,,
SMNWR_W,SMNWR3001,1/21/21,NOVI,NV20-186,28,U,J,0.66,Y,0,1903700422,pos,765207.44,,,0,0,,
SMNWR_W,SMNWR3001,4/16/20,NOVI,NV20-187,21,U,J,0.58,Y,0,1903700267,neg,0,,,0,0,,
SMNWR_W,SMNWR3001,4/18/20,NOVI,NV20-188,26,U,J,0.61,Y,0,1903700268,pos,1938.42,,,0,0,,
SMNWR_W,SMNWR3001,4/1/21,NOVI,NV20-188,41,M,A,2.56,N,,,,,,was/is originally marked as PRxR as an eft at the drift fence on 18Apr20. was given PIT and VIA on this date,0,1,Same kind of comment,
SMNWR_W,SMNWR3001,4/19/20,NOVI,NV20-189,29,M,J,0.77,Y,0,1903700269,pos,4218.16,,,0,0,,
SMNWR_W,SMNWR3001,4/24/20,NOVI,NV20-190,27,U,J,0.53,Y,0,1903700273,neg,0,,,0,0,,
SMNWR_W,SMNWR3001,7/22/20,NOVI,NV20-191,45,F,A,3.13,Y,0,1903700286,neg,0,NV20-191,,0,0,,
SMNWR_W,SMNWR3001,7/22/20,NOVI,NV20-192,46,F,A,3.63,Y,0,1903700288,neg,0,NV20-192,,0,0,,
SMNWR_W,SMNWR3001,7/28/20,NOVI,NV20-192,,F,A,,N,,,,,,,0,0,,
SMNWR_W,SMNWR3001,7/22/20,NOVI,NV20-193,39,M,A,1.75,Y,0,1903700289,neg,0,NV20-193,,0,0,,
SMNWR_W,SMNWR3001,2/11/21,NOVI,NV20-193,41,M,A,2.58,Y,0,1903700480,neg,0.00,,,0,0,,
SMNWR_W,SMNWR3001,7/22/20,NOVI,NV20-194,36,F,A,1.17,Y,0,1903700292,neg,0,NV20-194,,0,0,,
SMNWR_W,SMNWR0124,7/22/20,NOVI,NV20-195,43,F,A,2.33,Y,0,1903700295,neg,0,NV20-195,,0,0,,
SMNWR_W,SMNWR3001,7/24/20,NOVI,NV20-196,,M,A,,Y,0,1903700326,neg,0,,tail damage,1,0,,
SMNWR_W,SMNWR3001,7/22/20,NOVI,NV20-196,44,M,A,2.67,Y,0,1903700300,neg,0,NV20-196,,0,0,,
SMNWR_W,SMNWR3001,7/29/20,NOVI,NV20-196,,F,A,,N,,,,,,,0,0,,
SMNWR_W,SMNWR3001,7/22/20,NOVI,NV20-197,37,F,A,1.65,Y,0,1903700299,neg,0,NV20-197,,0,0,,
SMNWR_W,SMNWR0124,7/22/20,NOVI,NV20-198,52,F,A,3.72,Y,0,1903700298,neg,0,NV20-198,,0,0,,
SMNWR_W,SMNWR0124,7/24/20,NOVI,NV20-198,,F,A,,N,,,,,,,0,0,,
SMNWR_W,SMNWR3001,7/22/20,NOVI,NV20-199,44,M,A,2.59,Y,0,1903700297,neg,0,NV20-199,,0,0,,
SMNWR_W,SMNWR3001,7/24/20,NOVI,NV20-199,,M,A,,N,,,,,,,0,0,,
SMNWR_W,SMNWR3001,7/22/20,NOVI,NV20-200,41,M,A,2.35,Y,0,1903700296,neg,0,NV20-200,,0,0,,
SMNWR_W,SMNWR3001,10/1/20,NOVI,NV20-200,46,M,A,2.83,Y,0,1903700384,neg,0,,,0,0,,
SMNWR_W,SMNWR0124,7/23/20,NOVI,NV20-201,46,M,A,3.22,Y,0,1903700302,neg,0,NV20-201,,0,0,,
SMNWR_W,SMNWR3001,7/23/20,NOVI,NV20-202,42,M,A,2.9,Y,0,1903700304,neg,0,NV20-202,,0,0,,
SMNWR_W,SMNWR3001,7/30/20,NOVI,NV20-202,,M,A,,N,,,,,,,0,0,,
SMNWR_W,SMNWR3001,10/5/21,NOVI,NV20-202,45,M,A,3.58,N,,,,,,,0,0,,
SMNWR_W,SMNWR3001,10/6/21,NOVI,NV20-202,45,M,A,3.58,N,,,,,,,0,0,,
SMNWR_W,SMNWR3001,7/22/21,NOVI,NV20-202,46,M,A,3.95,N,,,,,,,0,0,,
SMNWR_W,SMNWR3001,7/20/21,NOVI,NV20-202,47,M,A,3.98,N,,,,,,,0,0,,
SMNWR_W,SMNWR3001,7/23/20,NOVI,NV20-203,44,M,A,2.78,Y,0,1903700305,neg,0,NV20-203,tail damage,1,0,,
SMNWR_W,SMNWR3001,7/23/20,NOVI,NV20-204,46,M,A,3.11,Y,0,1903700306,neg,0,NV20-204,,0,0,,
SMNWR_W,SMNWR0124,7/23/20,NOVI,NV20-205,47,M,A,3.22,Y,0,1903700308,neg,0,NV20-205,,0,0,,
SMNWR_W,SMNWR3001,7/23/20,NOVI,NV20-206,47,F,A,3.01,Y,0,1903700309,neg,0,NV20-206,,0,0,,
SMNWR_W,SMNWR3001,7/23/20,NOVI,NV20-207,44,M,A,3,Y,0,1903700312,neg,0,NV20-207,,0,0,,
SMNWR_W,SMNWR3001,7/23/20,NOVI,NV20-208,44,M,A,2.57,Y,0,1903700313,neg,0,NV20-208,tail damage,1,0,,
SMNWR_W,SMNWR3001,3/31/21,NOVI,NV20-208,42,M,A,3.42,N,,,,,,,0,0,,
SMNWR_W,SMNWR3001,7/23/20,NOVI,NV20-209,35,F,A,1.38,Y,0,1903700315,neg,0,NV20-209,,0,0,,
SMNWR_W,SMNWR3001,9/23/20,NOVI,NV20-209,37,F,A,1.93,Y,0,1903700359,neg,0,,,0,0,,
SMNWR_W,SMNWR3001,7/23/20,NOVI,NV20-210,48,M,A,3.82,Y,0,1903700316,neg,0,NV20-210,,0,0,,
SMNWR_W,SMNWR3001,7/23/20,NOVI,NV20-211,46,F,A,2.43,Y,0,1903700317,neg,0,NV20-211,,0,0,,
SMNWR_W,SMNWR3001,7/23/20,NOVI,NV20-212,59,M,A,3.78,Y,0,1903700321,neg,0,NV20-212,,0,0,,
SMNWR_W,SMNWR3001,7/28/20,NOVI,NV20-213,,F,A,,N,,,,,,tail damage,1,0,,
SMNWR_W,SMNWR3001,7/24/20,NOVI,NV20-213,43,M,A,3.42,Y,0,1903700322,neg,0,NV20-213,,0,0,,
SMNWR_W,SMNWR3001,7/30/20,NOVI,NV20-213,,M,A,,N,,,,,,,0,0,,
SMNWR_W,SMNWR3001,7/24/20,NOVI,NV20-214,40,M,A,1.95,Y,0,1903700323,neg,0,NV20-214,,0,0,,
SMNWR_W,SMNWR3001,7/24/20,NOVI,NV20-215,41,M,A,1.97,Y,0,1903700324,neg,0,NV20-215,,0,0,,
SMNWR_W,SMNWR3001,7/24/20,NOVI,NV20-216,54,M,A,3.63,Y,0,1903700325,neg,0,NV20-216,,0,0,,
SMNWR_W,SMNWR3001,7/24/20,NOVI,NV20-217,47,M,A,2.64,Y,0,1903700327,neg,0,NV20-217,,0,0,,
SMNWR_W,SMNWR3001,7/24/20,NOVI,NV20-218,45,M,A,3,Y,0,1903700328,neg,0,NV20-218,,0,0,,
SMNWR_W,SMNWR3001,7/24/20,NOVI,NV20-219,43,M,A,2.26,Y,0,1903700329,neg,0,NV20-219,,0,0,,
SMNWR_W,SMNWR3001,9/21/21,NOVI,NV20-219,42,M,A,2.89,N,,,,,,,0,0,,
SMNWR_W,SMNWR3001,7/24/20,NOVI,NV20-220,43,M,A,1.93,Y,0,1903700330,neg,0,NV20-220,,0,0,,
SMNWR_W,SMNWR3001,7/24/20,NOVI,NV20-221,46,F,A,2.22,Y,0,1903700331,neg,0,NV20-221,,0,0,,
SMNWR_W,SMNWR3001,9/23/20,NOVI,NV20-221,45,F,A,2.24,Y,0,1903700358,neg,0,,reassigned VIA,0,1,Does this mean there may be data points for two individuals that are actually the same individual?,
SMNWR_W,SMNWR3001,7/13/21,NOVI,NV20-221,46,F,A,3.03,N,,,,,,,0,0,,
SMNWR_W,SMNWR3001,10/7/21,NOVI,NV20-221,47,F,A,3.05,N,,,,,,,0,0,,
SMNWR_W,SMNWR3001,4/1/21,NOVI,NV20-221,49,F,A,3.61,N,,,,,,,0,0,,
SMNWR_W,SMNWR3001,7/24/20,NOVI,NV20-222,39,F,A,1.59,Y,0,1903700332,neg,0,NV20-222,,0,0,,
SMNWR_W,SMNWR3001,7/15/21,NOVI,NV20-222,48,F,A,3.5,N,,,,,,Gravid,0,0,,
SMNWR_W,SMNWR3001,7/28/20,NOVI,NV20-223,49,M,A,4.23,Y,0,1903700335,neg,0,NV20-223,,0,0,,
SMNWR_W,SMNWR3001,7/30/20,NOVI,NV20-223,,M,A,,N,,,,,,,0,0,,
SMNWR_W,SMNWR3001,7/28/20,NOVI,NV20-224,45,F,A,2.33,Y,0,1903700337,neg,0,NV20-224,tail damage,1,0,,
SMNWR_W,SMNWR3001,9/24/20,NOVI,NV20-224,46,F,A,2.73,Y,0,1903700362,neg,0,,reassigned VIA,0,1,Does this mean there may be data points for two individuals that are actually the same individual?,
SMNWR_W,SMNWR3001,7/28/20,NOVI,NV20-225,48,F,A,2.94,Y,0,1903700338,neg,0,NV20-225,,0,0,,
SMNWR_W,SMNWR3001,7/28/20,NOVI,NV20-226,37,F,A,1.38,Y,0,1903700339,neg,0,NV20-226,,0,0,,
SMNWR_W,SMNWR3001,7/28/20,NOVI,NV20-227,45,F,A,2.62,Y,0,1903700340,neg,0,NV20-227,,0,0,,
SMNWR_W,SMNWR3001,7/28/20,NOVI,NV20-228,45,M,A,2.57,Y,0,1903700341,neg,0,NV20-228,,0,0,,
SMNWR_W,SMNWR3001,4/1/21,NOVI,NV20-228,45,M,A,3.44,N,,,,,,,0,0,,
SMNWR_W,SMNWR3001,7/20/21,NOVI,NV20-228,47,M,A,1.13,N,,,,,,,0,0,,
SMNWR_W,SMNWR3001,7/29/20,NOVI,NV20-229,46,M,A,3.2,Y,0,1903700343,neg,0,,,0,0,,
SMNWR_W,SMNWR3001,7/29/20,NOVI,NV20-230,46,F,A,2.24,Y,0,1903700344,neg,0,,,0,0,,
SMNWR_W,SMNWR3001,7/29/20,NOVI,NV20-231,38,F,A,1.46,Y,0,1903700345,neg,0,,,0,0,,
SMNWR_W,SMNWR3001,7/29/20,NOVI,NV20-232,45,M,A,3.07,Y,0,1903700346,neg,0,,,0,0,,
SMNWR_W,SMNWR3001,7/29/20,NOVI,NV20-233,51,F,A,3.62,Y,0,1903700347,neg,0,,gravid,0,0,,
SMNWR_W,SMNWR3001,7/29/20,NOVI,NV20-234,48,F,A,3.5,Y,0,1903700348,neg,0,,dropped eggs while anesthetized,0,0,,
SMNWR_W,SMNWR3001,7/30/20,NOVI,NV20-235,42,M,A,2.45,Y,0,1903700351,neg,0,NV20-235,,0,0,,
SMNWR_W,SMNWR3001,7/30/20,NOVI,NV20-236,49,M,A,3.58,Y,0,1903700352,neg,0,NV20-236,,0,0,,
SMNWR_W,SMNWR3001,9/23/20,NOVI,NV20-237,41,F,A,1.92,Y,0,1903700354,neg,0,NV20-237,,0,0,,
SMNWR_W,SMNWR3001,7/22/21,NOVI,NV20-237,41,F,A,3.56,N,,,,,,,0,0,,
SMNWR_W,SMNWR3001,9/23/20,NOVI,NV20-238,48,M,A,3.66,Y,0,1903700355,neg,0,NV20-238,,0,0,,
SMNWR_W,SMNWR3001,9/23/20,NOVI,NV20-239,47,F,A,2.71,Y,0,1903700356,neg,0,NV20-239,,0,0,,
SMNWR_W,SMNWR3001,9/24/20,NOVI,NV20-240,46,F,A,2.17,Y,0,1903700360,neg,0,NV20-240,,0,0,,
SMNWR_W,SMNWR3001,9/24/20,NOVI,NV20-241,47,F,A,3,Y,0,1903700361,neg,0,NV20-241,,0,0,,
SMNWR_W,SMNWR3001,9/24/20,NOVI,NV20-242,37,M,A,1.66,Y,0,1903700363,neg,0,,,0,0,,
SMNWR_W,SMNWR3001,9/29/20,NOVI,NV20-242,37,F,A,1.62,Y,0,1903700377,neg,0,,,0,0,,
SMNWR_W,SMNWR3001,9/25/20,NOVI,NV20-243,46,M,A,2.5,Y,0,1903700369,neg,0,NV20-243,,0,0,,
SMNWR_W,SMNWR3001,9/29/20,NOVI,NV20-244,44,F,A,2.44,Y,0,1903700373,neg,0,20ARMI1922,,0,0,,
SMNWR_W,SMNWR3001,2/11/21,NOVI,NV20-244,44,M,A,3.3,Y,0,1903700485,neg,0.00,,,0,0,,
SMNWR_W,SMNWR3001,9/29/20,NOVI,NV20-245,47,M,A,2.87,Y,0,1903700374,neg,0,20ARMI1928,,0,0,,
SMNWR_W,SMNWR3001,10/1/20,NOVI,NV20-246,34,F,A,1.29,Y,0,1903700385,neg,0,20ARMI1925,,0,0,,
SMNWR_W,SMNWR3001,10/1/20,NOVI,NV20-247,40,M,A,2.3,Y,0,1903700386,neg,0,20ARMI1948,,0,0,,
SMNWR_W,SMNWR0124,2/14/20,NOVI,NV20-MORT1,,U,,,N,,,,,,This salamdner was not processed due to injuries from leeches,1,1,Dead end individual I guess,1
SMNWR_W,SMNWR3001,2/22/20,NOVI,NV20-MORT2,47,F,A,2.64,Y,0,1903700116,pos,1143.12,,recap but can't ID.  No PIT and unreadble VIA,0,1,How do we know its a recap? That it has a PIT?,
SMNWR_W,SMNWR0124,2/27/20,NOVI,NV20-MORT3,,U,J,,N,,,,,,"dead, killed by leeches",0,1,captured dead,1
SMNWR_W,SMNWR0124,3/3/20,NOVI,NV20-MORT4,28,F,J,0.64,Y,0,1903700234,pos,37.01,,"dead, open wound on rear leg",0,1,captured dead,1
SMNWR_W,SMNWR3001,9/29/20,NOVI,NV20-MORT5,44,U,A,2.4,Y,0,1903700375,neg,0,20ARMI1954,did not recover from anesthesia,0,1,I guess it died?,1
SMNWR_W,SMNWR3001,9/29/20,NOVI,NV20-MORT6,38,M,A,1.69,Y,0,1903700376,neg,0,20ARMI1947,did not recover from anesthesia,0,1,I guess it died?,1
SMNWR_W,SMNWR3001,11/30/20,NOVI,NV20.5-001,26,U,J,0.44,Y,0,1903700391,neg,0,,,0,0,,
SMNWR_W,SMNWR3001,12/14/20,NOVI,NV20.5-002,31,U,J,0.49,Y,0,1903700397,neg,0,,,0,0,,
SMNWR_W,SMNWR3001,1/7/21,NOVI,NV20.5-003,26,U,J,0.61,Y,0,1903700403,neg,0,,,0,0,,
SMNWR_W,SMNWR3001,1/28/21,NOVI,NV20.5-003,32,U,J,-999,Y,0,1903700436,pos,17111.61,,,0,0,,
SMNWR_W,SMNWR3001,1/7/21,NOVI,NV20.5-004,26,U,J,0.8,Y,0,1903700404,pos,29016.74,,,0,0,,
SMNWR_W,SMNWR3001,1/7/21,NOVI,NV20.5-005,21,U,J,0.45,Y,0,1903700405,neg,0.00,,,0,0,,
SMNWR_W,SMNWR3001,1/8/21,NOVI,NV20.5-006,31,M,J,1.55,Y,0,1903700406,neg,0.00,,,0,0,,
SMNWR_W,SMNWR3001,1/8/21,NOVI,NV20.5-007,44,M,A,3.93,Y,0,1903700408,pos,5296.25,,,0,0,,
SMNWR_W,SMNWR3001,2/10/21,NOVI,NV20.5-007,46,M,A,3.78,Y,0,1903700475,pos,35793.15,,,0,0,,
SMNWR_W,SMNWR3001,2/12/21,NOVI,NV20.5-007,47,F,A,4.07,Y,0,1903700499,pos,11245.75,,,0,0,,
SMNWR_W,SMNWR3001,4/1/21,NOVI,NV20.5-007,46,M,A,4.01,N,,,,,,,0,0,,
SMNWR_W,SMNWR3001,1/8/21,NOVI,NV20.5-008,28,F,A,4.13,Y,0,1903700409,pos,593.86,,dark spot (lession) on left side neat back leg,1,0,,
SMNWR_W,SMNWR3001,9/23/21,NOVI,NV20.5-008,39,F,A,3.58,N,,,,,,did the PIT  <982.1260578474426> not getread? May have dropped?,0,1,Same kind of comment,
SMNWR_W,SMNWR3001,10/6/21,NOVI,NV20.5-008,48,F,A,3.93,N,,,,,,,0,0,,
SMNWR_W,SMNWR3001,7/13/21,NOVI,NV20.5-008,50,F,A,3.8,N,,,,,,,0,0,,
SMNWR_W,SMNWR3001,1/12/21,NOVI,NV20.5-009,39,M,A,1.94,Y,0,1903700411,pos,3759.31,,,0,0,,
SMNWR_W,SMNWR3001,2/9/21,NOVI,NV20.5-009,40,M,A,2.31,Y,0,1903700459,pos,579.47,,,0,0,,
SMNWR_W,SMNWR3001,2/11/21,NOVI,NV20.5-009,38,M,A,2.24,Y,0,1903700488,pos,807.53,,,0,0,,
SMNWR_W,SMNWR3001,7/20/21,NOVI,NV20.5-009,42,M,A,2.77,N,,,,,,,0,0,,
SMNWR_W,SMNWR3001,9/23/21,NOVI,NV20.5-009,43,M,A,2.94,N,,,,,,,0,0,,
SMNWR_W,SMNWR3001,1/12/21,NOVI,NV20.5-010,43,M,A,2.2,Y,0,1903700412,pos,15832.63,,,0,0,,
SMNWR_W,SMNWR3001,2/11/21,NOVI,NV20.5-010,40,M,A,2.59,Y,0,1903700489,neg,0.00,,,0,0,,
SMNWR_W,SMNWR3001,1/12/21,NOVI,NV20.5-011,29,U,J,0.67,Y,0,1903700413,pos,6292783.84,,,0,0,,
SMNWR_W,SMNWR3001,1/12/21,NOVI,NV20.5-012,24,U,J,0.47,Y,0,1903700414,pos,3249193.93,,gill buds,0,0,,
SMNWR_W,SMNWR3001,1/13/21,NOVI,NV20.5-013,24,U,J,0.58,Y,0,1903700415,pos,357444.00,,,0,0,,
SMNWR_W,SMNWR3001,1/13/21,NOVI,NV20.5-014,23,U,J,0.58,Y,0,1903700416,pos,431702.86,,,0,0,,
SMNWR_W,SMNWR3001,1/14/21,NOVI,NV20.5-015,29,U,J,0.71,Y,0,1903700417,pos,16370.22,,,0,0,,
SMNWR_W,SMNWR3001,2/2/21,NOVI,NV20.5-015,29,U,J,0.75,Y,0,1903700441,pos,436435.49,,,0,0,,
SMNWR_W,SMNWR3001,1/14/21,NOVI,NV20.5-016,28,U,J,0.62,Y,0,1903700418,pos,258.08,,,0,0,,
SMNWR_W,SMNWR3001,9/14/21,NOVI,NV20.5-016,37,F,A,1.67,N,,,,,,Gravid?,0,0,,
SMNWR_W,SMNWR3001,10/6/21,NOVI,NV20.5-016,37,U,,1.62,N,,,,,,,0,0,,
SMNWR_W,SMNWR3001,7/21/21,NOVI,NV20.5-016,42,F,A,1.86,N,,,,,,,0,0,,
SMNWR_W,SMNWR3001,1/14/21,NOVI,NV20.5-017,21,U,J,0.37,Y,0,1903700419,neg,0.00,,,0,0,,
SMNWR_W,SMNWR3001,1/20/21,NOVI,NV20.5-018,18,U,J,0.26,Y,0,1903700420,pos,209358.58,,,0,0,,
SMNWR_W,SMNWR3001,1/21/21,NOVI,NV20.5-020,24,U,J,0.44,Y,0,1903700423,pos,731056.32,,,0,0,,
SMNWR_W,SMNWR3001,1/28/21,NOVI,NV20.5-020,25,U,J,0.62,Y,0,1903700438,pos,498458.99,,,0,0,,
SMNWR_W,SMNWR3001,1/21/21,NOVI,NV20.5-021,31,U,J,0.84,Y,0,1903700424,pos,63487.77,,,0,0,,
SMNWR_W,SMNWR3001,1/21/21,NOVI,NV20.5-022,45,M,A,2.95,Y,0,1903700426,pos,1581.11,,,0,0,,
SMNWR_W,SMNWR3001,2/9/21,NOVI,NV20.5-022,45,M,A,3.43,Y,0,1903700461,pos,860.95,,,0,0,,
SMNWR_W,SMNWR3001,2/10/21,NOVI,NV20.5-022,44,M,A,3.23,Y,0,1903700469,pos,2933.48,,,0,0,,
SMNWR_W,SMNWR3001,7/20/21,NOVI,NV20.5-022,46,M,A,3.25,N,,,,,,,0,0,,
SMNWR_W,SMNWR3001,7/22/21,NOVI,NV20.5-022,47,M,A,3.19,N,,,,,,,0,0,,
SMNWR_W,SMNWR3001,1/22/21,NOVI,NV20.5-023,46,M,A,2.96,Y,0,1903700428,neg,0.00,,,0,0,,
SMNWR_W,SMNWR3001,1/22/21,NOVI,NV20.5-024,39,M,A,1.62,Y,0,1903700430,pos,1696069.26,,,0,0,,
SMNWR_W,SMNWR3001,1/22/21,NOVI,NV20.5-025,28,U,J,0.7,Y,0,1903700431,pos,3163.98,,,0,0,,
SMNWR_W,SMNWR3001,1/28/21,NOVI,NV20.5-025,26,U,J,0.88,Y,0,1903700439,pos,242227.31,,,0,0,,
SMNWR_W,SMNWR3001,1/22/21,NOVI,NV20.5-026,29,U,J,0.86,Y,0,1903700432,pos,134073.32,,,0,0,,
SMNWR_W,SMNWR3001,2/2/21,NOVI,NV20.5-026,27,U,J,0.73,Y,0,1903700443,pos,135266.32,,,0,0,,
SMNWR_W,SMNWR3001,1/22/21,NOVI,NV20.5-027,28,U,J,0.82,Y,0,1903700433,pos,1660.62,,,0,0,,
SMNWR_W,SMNWR3001,1/27/21,NOVI,NV20.5-028,26,U,J,0.73,Y,0,1903700435,pos,14470.66,,,0,0,,
SMNWR_W,SMNWR3001,1/28/21,NOVI,NV20.5-029,30,U,J,0.8,Y,0,1903700437,pos,26304.65,,,0,0,,
SMNWR_W,SMNWR3001,2/2/21,NOVI,NV20.5-030,29,U,J,0.95,Y,0,1903700440,pos,41047.33,,,0,0,,
SMNWR_W,SMNWR3001,2/2/21,NOVI,NV20.5-031,31,U,J,0.88,Y,0,1903700442,pos,26394.43,,,0,0,,
SMNWR_W,SMNWR3001,2/2/21,NOVI,NV20.5-032,27,U,J,0.42,Y,0,1903700444,pos,1635906.47,,,0,0,,
SMNWR_W,SMNWR3001,2/2/21,NOVI,NV20.5-033,31,U,J,1.03,Y,0,1903700445,pos,146093.71,,,0,0,,
SMNWR_W,SMNWR3001,2/2/21,NOVI,NV20.5-034,25,U,J,0.46,Y,0,1903700446,pos,129405.64,,,0,0,,
SMNWR_W,SMNWR3001,10/6/21,NOVI,NV20.5-034,39,U,,1.53,N,,,,,,,0,0,,
SMNWR_W,SMNWR3001,2/3/21,NOVI,NV20.5-035,29,U,J,0.82,Y,0,1903700447,pos,12121.11,,,0,0,,
SMNWR_W,SMNWR3001,7/14/21,NOVI,NV20.5-035,41,F,A,1.53,N,,,,,,,0,0,,
SMNWR_W,SMNWR3001,2/4/21,NOVI,NV20.5-036,24,U,J,0.57,Y,0,1903700448,pos,21499.71,,,0,0,,
SMNWR_W,SMNWR3001,2/5/21,NOVI,NV20.5-036,25,U,J,0.49,Y,0,1903700454,pos,6782.61,,,0,0,,
SMNWR_W,SMNWR3001,2/10/21,NOVI,NV20.5-036,24,U,J,0.55,Y,1,1903700474,,,,,0,0,,
SMNWR_W,SMNWR3001,2/5/21,NOVI,NV20.5-037,29,M,J,0.85,Y,0,1903700450,pos,23173.23,,,0,0,,
SMNWR_W,SMNWR3001,2/5/21,NOVI,NV20.5-038,27,U,J,0.78,Y,0,1903700451,pos,8871.55,,,0,0,,
SMNWR_W,SMNWR3001,2/5/21,NOVI,NV20.5-039,26,U,J,0.71,Y,0,1903700452,neg,0.00,,,0,0,,
SMNWR_W,SMNWR3001,2/5/21,NOVI,NV20.5-040,24,U,J,0.46,Y,0,1903700455,pos,1162.76,,,0,0,,
SMNWR_W,SMNWR3001,9/15/21,NOVI,NV20.5-040,40,F,A,2.13,N,,,,,,Gravid? Mobile orange VIE tag?,0,1,Same kind of comment,
SMNWR_W,SMNWR3001,2/9/21,NOVI,NV20.5-041,29,U,J,0.79,Y,0,1903700456,pos,22688.84,,original NV number got assigned last week and used again on this new capture,0,1,Same kind of comment,
SMNWR_W,SMNWR3001,2/12/21,NOVI,NV20.5-041,28,U,J,0.71,Y,0,1903700491,pos,37901.76,,,0,0,,
SMNWR_W,SMNWR3001,2/9/21,NOVI,NV20.5-042,28,U,J,0.9,Y,0,1903700457,pos,6564.35,,original NV number got assigned last week and used again on this new capture,0,1,Same kind of comment,
SMNWR_W,SMNWR3001,2/10/21,NOVI,NV20.5-042,30,U,J,0.85,Y,0,1903700479,pos,45744.65,,,0,0,,
SMNWR_W,SMNWR3001,2/9/21,NOVI,NV20.5-043,27,U,J,0.77,Y,0,1903700458,pos,3093.62,,original NV number got assigned last week and used again on this new capture,0,1,Same kind of comment,
SMNWR_W,SMNWR3001,2/12/21,NOVI,NV20.5-043,28,U,J,0.84,Y,0,1903700494,pos,114936.69,,,0,0,,
SMNWR_W,SMNWR3001,2/9/21,NOVI,NV20.5-044,26,U,J,2.59,Y,0,1903700462,pos,22396.98,,,0,0,,
SMNWR_W,SMNWR3001,2/12/21,NOVI,NV20.5-044,21,U,J,0.56,Y,0,1903700493,pos,7167511.74,,,0,0,,
SMNWR_W,SMNWR3001,2/9/21,NOVI,NV20.5-045,36,F,A,2.07,Y,0,1903700463,pos,6573.30,,,0,0,,
SMNWR_W,SMNWR3001,2/9/21,NOVI,NV20.5-046,41,F,A,2.29,Y,0,1903700464,pos,16914.52,,,0,0,,
SMNWR_W,SMNWR3001,2/10/21,NOVI,NV20.5-048,40,M,A,2.63,Y,0,1903700466,pos,260.90,,,0,0,,
SMNWR_W,SMNWR3001,7/22/21,NOVI,NV20.5-048,41,M,A,2.68,N,,,,,,,0,0,,
SMNWR_W,SMNWR3001,7/13/21,NOVI,NV20.5-048,44,M,A,2.86,N,,,,,,,0,0,,
SMNWR_W,SMNWR3001,7/20/21,NOVI,NV20.5-048,45,M,A,2.68,N,,,,,,,0,0,,
SMNWR_W,SMNWR3001,2/10/21,NOVI,NV20.5-049,39,U,J,1.08,Y,0,1903700468,pos,339.40,,,0,0,,
SMNWR_W,SMNWR3001,2/10/21,NOVI,NV20.5-050,41,M,A,3.2,Y,0,1903700471,neg,0.00,,,0,0,,
SMNWR_W,SMNWR3001,2/12/21,NOVI,NV20.5-050,47,M,A,3.1,Y,0,1903700496,pos,5767.16,,,0,0,,
SMNWR_W,SMNWR3001,2/10/21,NOVI,NV20.5-051,51,F,A,4.31,Y,0,1903700472,pos,403.81,,Gravid,0,0,,
SMNWR_W,SMNWR3001,3/31/21,NOVI,NV20.5-051,51,F,A,4.55,N,,,,,,lost VIA I15,0,1,Same kind of comment,
SMNWR_W,SMNWR3001,9/21/21,NOVI,NV20.5-051,49,F,A,3.19,N,,,,,,,0,0,,
SMNWR_W,SMNWR3001,7/21/21,NOVI,NV20.5-051,51,F,A,3.68,N,,,,,,,0,0,,
SMNWR_W,SMNWR3001,2/10/21,NOVI,NV20.5-052,28,U,J,0.74,Y,0,1903700473,pos,709.95,,,0,0,,
SMNWR_W,SMNWR3001,2/10/21,NOVI,NV20.5-053,25,U,J,0.66,Y,0,1903700476,pos,23894.84,,,0,0,,
SMNWR_W,SMNWR3001,2/10/21,NOVI,NV20.5-054,49,F,A,3.02,Y,0,1903700477,neg,0.00,,Gravid,0,0,,
SMNWR_W,SMNWR3001,2/10/21,NOVI,NV20.5-055,25,U,J,0.81,Y,0,1903700478,pos,7370.59,,,0,0,,
SMNWR_W,SMNWR3001,2/11/21,NOVI,NV20.5-056,28,U,J,0.73,Y,0,1903700481,neg,0.00,,,0,0,,
SMNWR_W,SMNWR3001,2/11/21,NOVI,NV20.5-057,50,F,A,4.4,Y,0,1903700483,pos,428.77,,Gravid,0,0,,
SMNWR_W,SMNWR3001,7/13/21,NOVI,NV20.5-057,46,F,A,3.77,N,,,,,,Gravid; PIT recorded asa 438 on recpature but 439 on intial capture,0,1,Same kind of comment,
SMNWR_W,SMNWR3001,2/11/21,NOVI,NV20.5-058,50,F,A,4.29,Y,0,1903700484,neg,0.00,,Gravid,0,0,,
SMNWR_W,SMNWR3001,2/12/21,NOVI,NV20.5-059,23,U,J,0.65,Y,0,1903700492,pos,5164.38,,,0,0,,
SMNWR_W,SMNWR3001,2/12/21,NOVI,NV20.5-060,39,M,A,2.16,Y,0,1903700498,pos,1739.38,,,0,0,,
SMNWR_W,SMNWR3001,2/12/21,NOVI,NV20.5-061,46,F,A,3.21,Y,0,1903700500,neg,0.00,,,0,0,,
SMNWR_W,SMNWR3001,3/31/21,NOVI,NV20.5-062,32,U,J,1.48,N,,,,,,,0,0,,
SMNWR_W,SMNWR3001,9/15/21,NOVI,NV20.5-062,39,M,A,2.23,N,,,,,,,0,0,,
SMNWR_W,SMNWR3001,3/31/21,NOVI,NV20.5-063,33,U,J,1.2,N,,,,,,,0,0,,
SMNWR_W,SMNWR3001,3/31/21,NOVI,NV20.5-064,25,U,J,71,N,,,,,,,0,0,,
SMNWR_W,SMNWR3001,3/31/21,NOVI,NV20.5-065,32,U,J,1.21,N,,,,,,,0,0,,
SMNWR_W,SMNWR3001,3/31/21,NOVI,NV20.5-066,53,F,A,4.41,N,,,,,,,0,0,,
SMNWR_W,SMNWR3001,3/31/21,NOVI,NV20.5-067,44,F,A,2.16,N,,,,,,,0,0,,
SMNWR_W,SMNWR3001,3/31/21,NOVI,NV20.5-068,60,F,A,5.68,N,,,,,,,0,0,,
SMNWR_W,SMNWR3001,3/31/21,NOVI,NV20.5-069,57,F,A,6.46,N,,,,,,,0,0,,
SMNWR_W,SMNWR3001,3/31/21,NOVI,NV20.5-070,43,F,A,2.2,N,,,,,,,0,0,,
SMNWR_W,SMNWR3001,3/31/21,NOVI,NV20.5-071,42,M,A,3.12,N,,,,,,,0,0,,
SMNWR_W,SMNWR3001,4/1/21,NOVI,NV20.5-072,34,U,J,1.12,N,,,,,,,0,0,,
SMNWR_W,SMNWR3001,10/5/21,NOVI,NV20.5-072,41,M,A,2.1,N,,,,,,,0,0,,
SMNWR_W,SMNWR3001,7/13/21,NOVI,NV20.5-073,43,M,A,3,N,,,,,,,0,0,,
SMNWR_W,SMNWR3001,7/22/21,NOVI,NV20.5-073,43,M,A,2.92,N,,,,,,,0,0,,
SMNWR_W,SMNWR3001,7/20/21,NOVI,NV20.5-073,44,M,A,3.3,N,,,,,,,0,0,,
SMNWR_W,SMNWR3001,4/1/21,NOVI,NV20.5-073,45,M,A,3.29,N,,,,,,,0,0,,
SMNWR_W,SMNWR3001,4/1/21,NOVI,NV20.5-074,45,M,A,2.99,N,,,,,,,0,0,,
SMNWR_W,SMNWR3001,4/1/21,NOVI,NV20.5-075,52,M,A,4.22,N,,,,,,,0,0,,
SMNWR_W,SMNWR3001,4/1/21,NOVI,NV20.5-076,49,F,A,4.89,N,,,,,,,0,0,,
SMNWR_W,SMNWR3001,7/13/21,NOVI,NV21-001,47,F,A,2.82,N,,,,,NV21-001,Gravid,0,0,,
SMNWR_W,SMNWR3001,7/13/21,NOVI,NV21-002,48,M,A,3.51,N,,,,,NV21-002,,0,0,,
SMNWR_W,SMNWR3001,7/13/21,NOVI,NV21-003,40,M,A,1.55,N,,,,,NV21-003,,0,0,,
SMNWR_W,SMNWR3001,7/13/21,NOVI,NV21-004,43,M,A,2.17,N,,,,,NV21-004,,0,0,,
SMNWR_W,SMNWR3001,9/22/21,NOVI,NV21-004,46,M,A,2.24,N,,,,,,,0,0,,
SMNWR_W,SMNWR3001,7/21/21,NOVI,NV21-005,45,M,A,3.43,N,,,,,,,0,0,,
SMNWR_W,SMNWR3001,7/13/21,NOVI,NV21-005,49,M,A,3.51,N,,,,,NV21-005,,0,0,,
SMNWR_W,SMNWR3001,7/13/21,NOVI,NV21-006,36,M,A,1.24,N,,,,,NV21-006,,0,0,,
SMNWR_W,SMNWR3001,7/13/21,NOVI,NV21-007,36,U,A,1.1,N,,,,,NV21-007,,0,0,,
SMNWR_W,SMNWR3001,7/13/21,NOVI,NV21-008,49,M,A,3.07,N,,,,,NV21-008,,0,0,,
SMNWR_W,SMNWR3001,7/13/21,NOVI,NV21-009,40,M,A,1.92,N,,,,,NV21-009,,0,0,,
SMNWR_W,SMNWR3001,7/13/21,NOVI,NV21-010,44,M,A,2.87,N,,,,,NV21-010,,0,0,,
SMNWR_W,SMNWR3001,7/22/21,NOVI,NV21-010,44,M,A,2.78,N,,,,,,,0,0,,
SMNWR_W,SMNWR3001,7/20/21,NOVI,NV21-010,45,M,A,2.85,N,,,,,,,0,0,,
SMNWR_W,SMNWR3001,7/13/21,NOVI,NV21-011,39,M,A,1.87,N,,,,,NV21-011,,0,0,,
SMNWR_W,SMNWR3001,7/14/21,NOVI,NV21-012,51,F,A,3.72,N,,,,,NV21-012,,0,0,,
SMNWR_W,SMNWR3001,7/21/21,NOVI,NV21-012,51,F,A,3.6,N,,,,,,,0,0,,
SMNWR_W,SMNWR3001,7/14/21,NOVI,NV21-013,38,F,A,1.33,N,,,,,NV21-013,,0,0,,
SMNWR_W,SMNWR3001,7/14/21,NOVI,NV21-014,34,F,A,1.27,N,,,,,NV21-014,Gravid,0,0,,
SMNWR_W,SMNWR3001,7/20/21,NOVI,NV21-015,43,M,A,2.73,N,,,,,301,,0,0,,
SMNWR_W,SMNWR3001,7/22/21,NOVI,NV21-015,45,M,A,2.68,N,,,,,,,0,0,,
SMNWR_W,SMNWR3001,7/20/21,NOVI,NV21-016,44,M,A,3.34,N,,,,,302,,0,0,,
SMNWR_W,SMNWR3001,7/20/21,NOVI,NV21-017,45,M,A,2.83,N,,,,,303,,0,0,,
SMNWR_W,SMNWR3001,10/5/21,NOVI,NV21-018,41,M,A,3.21,N,,,,,,,0,0,,
SMNWR_W,SMNWR3001,7/22/21,NOVI,NV21-018,44,M,A,3.06,N,,,,,,,0,0,,
SMNWR_W,SMNWR3001,7/20/21,NOVI,NV21-018,46,M,A,3.27,N,,,,,304,,0,0,,
SMNWR_W,SMNWR3001,7/20/21,NOVI,NV21-019,38,M,A,1.67,N,,,,,305,,0,0,,
SMNWR_W,SMNWR3001,9/16/21,NOVI,NV21-019,39,F,A,1.83,N,,,,,,Gravid?,0,0,,
SMNWR_W,SMNWR3001,10/7/21,NOVI,NV21-019,41,M,A,1.97,N,,,,,,,0,0,,
SMNWR_W,SMNWR3001,9/14/21,NOVI,NV21-020,45,F,A,3.19,N,,,,,,Gravid?,0,0,,
SMNWR_W,SMNWR3001,9/16/21,NOVI,NV21-020,45,F,A,2.98,N,,,,,,Gravid?,0,0,,
SMNWR_W,SMNWR3001,10/5/21,NOVI,NV21-020,45,F,A,3.02,N,,,,,,,0,0,,
SMNWR_W,SMNWR3001,10/7/21,NOVI,NV21-020,45,F,A,3.09,N,,,,,,,0,0,,
SMNWR_W,SMNWR3001,7/20/21,NOVI,NV21-020,46,F,A,3.25,N,,,,,306,Gravid,0,0,,
SMNWR_W,SMNWR3001,9/23/21,NOVI,NV21-020,47,F,A,3.19,N,,,,,,Gravid?,0,0,,
SMNWR_W,SMNWR3001,10/7/21,NOVI,NV21-021,39,M,A,2.42,N,,,,,,xxPxOP,0,1,Same kind of comment,
SMNWR_W,SMNWR3001,7/20/21,NOVI,NV21-021,41,M,A,1.97,N,,,,,307,,0,0,,
SMNWR_W,SMNWR3001,7/22/21,NOVI,NV21-022,44,M,A,2.84,N,,,,,,,0,0,,
SMNWR_W,SMNWR3001,7/20/21,NOVI,NV21-022,47,M,A,2.83,N,,,,,308,,0,0,,
SMNWR_W,SMNWR3001,7/20/21,NOVI,NV21-023,37,F,A,1.69,N,,,,,309,Gravid,0,0,,
SMNWR_W,SMNWR3001,10/6/21,NOVI,NV21-023,40,F,A,2.05,N,,,,,,,0,0,,
SMNWR_W,SMNWR3001,7/20/21,NOVI,NV21-024,46,F,A,3.03,N,,,,,310,Gravid,0,0,,
SMNWR_W,SMNWR3001,10/6/21,NOVI,NV21-025,49,F,A,2.96,N,,,,,,,0,0,,
SMNWR_W,SMNWR3001,7/20/21,NOVI,NV21-025,50,F,A,3.36,N,,,,,311,Gravid,0,0,,
SMNWR_W,SMNWR3001,9/16/21,NOVI,NV21-025,51,F,A,3.01,N,,,,,,Gravid?,0,0,,
SMNWR_W,SMNWR3001,7/21/21,NOVI,NV21-026,42,M,A,2.73,N,,,,,312,,0,0,,
SMNWR_W,SMNWR3001,7/21/21,NOVI,NV21-027,51,M,A,3.87,N,,,,,313,,0,0,,
SMNWR_W,SMNWR3001,7/21/21,NOVI,NV21-028,47,M,A,3.41,N,,,,,314,,0,0,,
SMNWR_W,SMNWR3001,7/21/21,NOVI,NV21-029,51,M,A,4.69,N,,,,,315,,0,0,,
SMNWR_W,SMNWR3001,7/21/21,NOVI,NV21-030,33,U,A,1.18,N,,,,,316,,0,0,,
SMNWR_W,SMNWR3001,7/21/21,NOVI,NV21-031,41,M,A,1.99,N,,,,,317,,0,0,,
SMNWR_W,SMNWR3001,10/7/21,NOVI,NV21-031,41,M,A,2.64,N,,,,,,,0,0,,
SMNWR_W,SMNWR3001,9/21/21,NOVI,NV21-032,34,M,A,1.42,N,,,,,,,0,0,,
SMNWR_W,SMNWR3001,10/7/21,NOVI,NV21-032,34,M,A,1.51,N,,,,,,,0,0,,
SMNWR_W,SMNWR3001,7/21/21,NOVI,NV21-032,34,U,A,1.17,N,,,,,318,,0,0,,
SMNWR_W,SMNWR3001,9/23/21,NOVI,NV21-032,39,F,A,1.39,N,,,,,,,0,0,,
SMNWR_W,SMNWR3001,10/7/21,NOVI,NV21-032,50,F,A,3.44,N,,,,,,,0,0,,
SMNWR_W,SMNWR3001,7/21/21,NOVI,NV21-033,35,F,A,1.65,N,,,,,319,,0,0,,
SMNWR_W,SMNWR3001,7/21/21,NOVI,NV21-034,47,F,A,3.98,N,,,,,320,,0,0,,
SMNWR_W,SMNWR3001,7/21/21,NOVI,NV21-035,48,F,A,2.46,N,,,,,321,,0,0,,
SMNWR_W,SMNWR3001,7/21/21,NOVI,NV21-036,48,F,A,3.66,N,,,,,328,,0,0,,
SMNWR_W,SMNWR3001,7/22/21,NOVI,NV21-037,52,F,A,4.26,N,,,,,322,,0,0,,
SMNWR_W,SMNWR3001,7/22/21,NOVI,NV21-038,45,F,A,3.47,N,,,,,323,Gravid?,0,0,,
SMNWR_W,SMNWR3001,7/22/21,NOVI,NV21-039,51,F,A,4.27,N,,,,,324,Gravid?,0,0,,
SMNWR_W,SMNWR3001,9/15/21,NOVI,NV21-040,45,M,A,2.31,N,,,,,325,,0,0,,
SMNWR_W,SMNWR3001,9/15/21,NOVI,NV21-041,36,F,A,1.45,N,,,,,326,,0,0,,
SMNWR_W,SMNWR3001,9/16/21,NOVI,NV21-042,38,F,A,2.09,N,,,,,329,Gravid?,0,0,,
SMNWR_W,SMNWR3001,9/21/21,NOVI,NV21-043,41,M,A,1.99,N,,,,,330,,0,0,,
SMNWR_W,SMNWR3001,9/21/21,NOVI,NV21-044,25,U,,0.64,N,,,,,331,too small to PIT,0,1,Same kind of comment,
SMNWR_W,SMNWR3001,9/23/21,NOVI,NV21-045,43,F,A,2.22,N,,,,,327,,0,0,,
SMNWR_W,SMNWR3001,9/23/21,NOVI,NV21-046,34,F,A,1.31,N,,,,,332,,0,0,,
SMNWR_W,SMNWR3001,10/5/21,NOVI,NV21-047,51,F,A,3.97,N,,,,,333,,0,0,,
SMNWR_W,SMNWR3001,10/5/21,NOVI,NV21-048,44,M,A,3.07,N,,,,,334,,0,0,,
SMNWR_W,SMNWR3001,10/5/21,NOVI,NV21-049,39,M,A,2.13,N,,,,,335,,0,0,,
SMNWR_W,SMNWR3001,10/5/21,NOVI,NV21-050,37,M,A,1.8,N,,,,,336,,0,0,,
SMNWR_W,SMNWR3001,10/6/21,NOVI,NV21-051,41,U,J,1.88,N,,,,,337,,0,0,,
SMNWR_W,SMNWR3001,10/7/21,NOVI,NV21-052,39,M,A,2.07,N,,,,,338,,0,0,,
SMNWR_W,SMNWR3001,10/7/21,NOVI,NV21-053,43,F,A,2.53,N,,,,,339,,0,0,,
SMNWR_W,SMNWR3001,10/7/21,NOVI,NV21-054,36,M,J,1.28,N,,,,,340,,0,0,,
SMNWR_W,SMNWR3001,4/1/21,NOVI,NV21-UNK01,45,F,A,4.45,N,,,,,,Gravid; recaptured but not record of original tagging,0,0,,
SMNWR_W,SMNWR3001,7/22/21,NOVI,NV21-UNK02,46,F,A,3.06,N,,,,,,recaptured but not record of original tagging,0,1,Same kind of comment,
SMNWR_W,SMNWR3001,9/16/21,NOVI,NV21-UNK03,45,F,A,3.58,N,,,,,,recaptured but not record of original tagging,0,0,,