Site,SubSite,CaptureDate,Species,IndividualID,Sex,Age,SVLmm,MassG,BdSample,SwabLost,SwabID,BdResult,TargetCopies/swab,HgSampleID,Notes,potential_injury_effect,flagged,reason,dead
TwoMedicine,1,6/5/2019,ANBO,147362194A,M,,88,86,N,,,,,,18,0,0,,
TwoMedicine,1,6/5/2019,ANBO,147354191A,M,,88,74,N,,,,,,18.1,0,0,,
TwoMedicine,1,6/5/2019,ANBO,147357250A,M,,76,57,N,,,,,,20.5,0,0,,
TwoMedicine,1,6/5/2019,ANBO,147346277A,M,,69,56,N,,,,,,22.3,0,0,,
TwoMedicine,1,6/5/2019,ANBO,147355361A,M,,79,54,N,,,,,,19.4,0,0,,
TwoMedicine,1,6/5/2019,ANBO,147351234A,M,,76,52,N,,,,,,20.2,0,0,,
TwoMedicine,1,6/5/2019,ANBO,147356696A,M,,75,52,N,,,,,,21,0,0,,
TwoMedicine,1,6/5/2019,ANBO,147353591A,M,,77,51,N,,,,,,19.7,0,0,,
TwoMedicine,1,6/5/2019,ANBO,146275332A,M,,77,51,N,,,,,,20.5,0,0,,
TwoMedicine,1,6/5/2019,ANBO,147361514A,M,,76,51,N,,,,,,19.1,0,0,,
TwoMedicine,1,6/5/2019,ANBO,147354121A,M,,76,50,N,,,,,,22.6,0,0,,
TwoMedicine,1,6/5/2019,ANBO,146267373A,M,,79,49,N,,,,,,20.5,0,0,,
TwoMedicine,1,6/5/2019,ANBO,147357680A,M,,76,49,N,,,,,,21.2,0,0,,
TwoMedicine,1,6/5/2019,ANBO,147336266A,M,,71,49,N,,,,,,19,0,0,,
TwoMedicine,1,6/5/2019,ANBO,146251211A,M,,80,48,N,,,,,,20.1,0,0,,
TwoMedicine,1,6/5/2019,ANBO,146316710A,M,,77,48,N,,,,,,19.8,0,0,,
TwoMedicine,1,6/5/2019,ANBO,147349167A,M,,79,47,N,,,,,,17.5,0,0,,
TwoMedicine,1,6/5/2019,ANBO,147354554A,M,,79,47,N,,,,,,18.2,0,0,,
TwoMedicine,1,6/5/2019,ANBO,146255674A,M,,75,47,N,,,,,,20.8,0,0,,
TwoMedicine,1,6/5/2019,ANBO,147352590A,M,,74,47,N,,,,,,16.5,0,0,,
TwoMedicine,1,6/5/2019,ANBO,146262371A,M,,77,46,N,,,,,,22.2,0,0,,
TwoMedicine,1,6/5/2019,ANBO,147345296A,M,,76,46,N,,,,,,19.3,0,0,,
TwoMedicine,1,6/5/2019,ANBO,147351220A,M,,75,46,N,,,,,,19.3,0,0,,
TwoMedicine,1,6/5/2019,ANBO,147348217A,M,,71,44,N,,,,,,26.6,0,0,,
TwoMedicine,1,6/5/2019,ANBO,147353674A,M,,73,43,N,,,,,,18.3,0,0,,
TwoMedicine,1,6/5/2019,ANBO,147364215A,M,,71,43,N,,,,,,17.4,0,0,,
TwoMedicine,1,6/5/2019,ANBO,147361261A,M,,71,43,N,,,,,,19.5,0,0,,
TwoMedicine,1,6/5/2019,ANBO,146246262A,F,,82,42,N,,,,,,18.6,0,0,,
TwoMedicine,1,6/5/2019,ANBO,147336155A,M,,75,42,N,,,,,,19.3,0,0,,
TwoMedicine,1,6/5/2019,ANBO,147346146A,M,,71,42,N,,,,,,16.8,0,0,,
TwoMedicine,1,6/5/2019,ANBO,147356265A,M,,71,42,N,,,,,,20.5,0,0,,
TwoMedicine,1,6/5/2019,ANBO,147352157A,M,,69,42,N,,,,,,20.5,0,0,,
TwoMedicine,1,6/5/2019,ANBO,147345673A,M,,70,41,N,,,,,,23.6,0,0,,
TwoMedicine,1,6/5/2019,ANBO,147347146A,M,,69,41,N,,,,,,18.8,0,0,,
TwoMedicine,1,6/5/2019,ANBO,147367217A,M,,71,40,N,,,,,,19.5,0,0,,
TwoMedicine,1,6/5/2019,ANBO,147355374A,M,,70,40,N,,,,,,17.2,0,0,,
TwoMedicine,1,6/5/2019,ANBO,146323495A,M,,70,40,N,,,,,,20.3,0,0,,
TwoMedicine,1,6/5/2019,ANBO,147357511A,M,,73,39,N,,,,,,17.8,0,0,,
TwoMedicine,1,6/5/2019,ANBO,147351445A,M,,70,39,N,,,,,,22.8,0,0,,
TwoMedicine,1,6/5/2019,ANBO,147348561A,M,,69,39,N,,,,,,21.2,0,0,,
TwoMedicine,1,6/5/2019,ANBO,147362262A,M,,72,38,N,,,,,,20.5,0,0,,
TwoMedicine,1,6/5/2019,ANBO,147354627A,M,,67,38,N,,,,,,20.8,0,0,,
TwoMedicine,1,6/5/2019,ANBO,147358773A,M,,71,36,N,,,,,,19.3,0,0,,
TwoMedicine,1,6/5/2019,ANBO,147364223A,M,,70,36,N,,,,,,18.7,0,0,,
TwoMedicine,1,6/5/2019,ANBO,147356471A,M,,67,33,N,,,,,,18.3,0,0,,
TwoMedicine,1,6/5/2019,ANBO,147351171A,M,,59,27,N,,,,,,23.5,0,0,,
TwoMedicine,1,6/5/2019,ANBO,147354563A,U,,55,21,N,,,,,,18.1,0,0,,
TwoMedicine,1,6/5/2019,ANBO,147349210A,U,,56,19,N,,,,,,18.5,0,0,,
TwoMedicine,1,6/5/2019,ANBO,147351751A,U,,56,18,N,,,,,,19.7,0,0,,
TwoMedicine,1,6/1/2021,ANBO,147356773A,U,,,,N,,,,,,DEAD IN WETLAND AND DECOMPOSING,0,0,,1
TwoMedicine,3,6/3/2020,ANBO,147351374A,U,,,,N,,,,,,found dead (mostly bones) underwater ,0,0,,1
TwoMedicine,5,6/4/2021,ANBO,147336121A,M,,125,104.2,Y,0,2100400007,pos,16093.6953489472,,,0,0,,
TwoMedicine,1,6/3/2020,ANBO,147362357A,F,,100,101.6,N,,,,,,,0,0,,
TwoMedicine,1,6/3/2020,ANBO,147336493A,M,,104,101.3,N,,,,,,,0,0,,
TwoMedicine,1,8/1/2019,ANBO,147362165A,F,,106,100,Y,0,1903900148,neg,0,,>100 g,0,0,,
TwoMedicine,5,6/4/2019,ANBO,147356630A,F,,104,100,Y,0,1902400249,neg,0,,,0,0,,
TwoMedicine,2,6/2/2020,ANBO,147354730A,F,,95,100,Y,0,2001800224,pos,749212.256235149,,"scale read ""E"" instead of mass, mass converted to 100 even if it was a bit greater",0,0,,
TwoMedicine,5,6/3/2021,ANBO,147354643A,F,,104,98.3,Y,0,2100400100,pos,1519834.67979765,,,0,0,,
TwoMedicine,5,6/2/2020,ANBO,147355240A,F,,86,91.9,Y,0,2001800220,pos,40768.5720958489,,weird bloody right eye and lessions behind and around eye ,1,0,,
TwoMedicine,1,6/2/2021,ANBO,147354225A,F,,89,89.1,Y,0,2100500330,pos,888.970205194932,,FEMALE STARTED LAYING EGGS IN BAG,0,0,,
TwoMedicine,5,7/31/2019,ANBO,147361694A,M,,92,86,Y,0,1903900021,neg,0,,"Shedding skin, swollen cloaca.",1,0,,
TwoMedicine,5,6/2/2020,ANBO,147362697A,M,,85,80.8,Y,0,2001800209,pos,12179.0677847911,,,0,0,,
TwoMedicine,1,6/5/2020,ANBO,147351554A,F,,84,80.2,N,,,,,,found on dam,0,0,,
TwoMedicine,1,6/3/2021,ANBO,147352763A,M,,99,80.1,Y,0,2100400012,neg,0,,,0,0,,
TwoMedicine,2,6/5/2019,ANBO,147353525A,F,,89,80,N,,,,,,,0,0,,
TwoMedicine,1,5/24/2018,ANBO,147356646A,M,,96,77.5,N,,,,,,,0,0,,
TwoMedicine,2,6/2/2020,ANBO,147362194A,M,,81,76.6,Y,0,2001800198,pos,26412.4195902919,,,0,0,,
TwoMedicine,2,6/1/2021,ANBO,147364177A,M,,99,73.8,Y,0,2100500368,pos,2082.20359678681,,,0,0,,
TwoMedicine,1,6/5/2020,ANBO,147362620A,M,,86,71.4,N,,,,,,found on dam,0,0,,
TwoMedicine,5,5/25/2018,ANBO,147355344A,M,,83,69.1,N,,,,,,,0,0,,
TwoMedicine,3,5/24/2018,ANBO,147359730A,M,,88,68.6,Y,0,1800200177,pos,205.122069887219,,,0,0,,
TwoMedicine,5,5/25/2018,ANBO,147346266A,M,,83,68,N,,,,,,1 swab for Leah,0,0,,
TwoMedicine,1,7/31/2019,ANBO,147347244A,M,,77,68,Y,0,1903900143,neg,0,,,0,0,,
TwoMedicine,1,6/2/2021,ANBO,147338710A,M,,87,67.9,Y,0,2100500332,pos,2087.88692459143,,,0,0,,
TwoMedicine,1,5/24/2018,ANBO,146233270A,M,,90,67.6,Y,0,1800200194,pos,213.682582154568,,"Double swab, 2nd for Leah",0,0,,
TwoMedicine,1,6/3/2021,ANBO,147344092A,M,,108,67.5,Y,0,2100400035,pos,652.865730971251,,,0,0,,
TwoMedicine,1,6/4/2021,ANBO,147367513A,M,,104,67.2,Y,0,2100400120,pos,82589.5474483594,,,0,0,,
TwoMedicine,1,6/3/2020,ANBO,147349763A,M,,85,67.2,N,,,,,,,0,0,,
TwoMedicine,2,5/24/2018,ANBO,147339097A,M,,80,66.4,Y,0,1800200221,pos,72362.1814031438,,"Double swab, 2nd for Leah",0,0,,
TwoMedicine,1,6/3/2020,ANBO,147357791A,M,,86,66.1,N,,,,,,,0,0,,
TwoMedicine,1,6/3/2019,ANBO,146176691A,M,,84,65,Y,1,1902400212,,,,Missing,0,0,,
TwoMedicine,2,8/18/2020,ANBO,147362456A,M ,,80,64.9,Y,0,2002900051,neg,0,,,0,0,,
TwoMedicine,3,5/24/2018,ANBO,147352327A,M,,81,64.6,Y,0,1800200178,pos,3074.70918112807,,,0,0,,
TwoMedicine,5,5/25/2018,ANBO,147337261A,M,,80,64.3,N,,,,,,,0,0,,
TwoMedicine,5,5/25/2018,ANBO,147347277A,M,,84,63.1,Y,0,1800200244,pos,22812.8684169676,,"Double swab, 2nd for Leah",0,0,,
TwoMedicine,2,5/25/2018,ANBO,147356151A,F,,78,62.9,N,,,,,,,0,0,,
TwoMedicine,1,6/5/2020,ANBO,147355293A,F,,85,62.7,N,,,,,,,0,0,,
TwoMedicine,1,5/24/2018,ANBO,147346246A,M,,82,62.6,N,,,,,,,0,0,,
TwoMedicine,1,6/2/2020,ANBO,147367513A,M,,86,62.4,Y,0,2001800200,neg,0,,,0,0,,
TwoMedicine,1,6/3/2021,ANBO,147348657A,M,,85,62.1,Y,0,2100400108,pos,22688.8420178226,,,0,0,,
TwoMedicine,3,6/5/2019,ANBO,147357737A,M,,90,62,Y,0,1902400237,pos,148199.372534654,,,0,0,,
TwoMedicine,1,5/24/2018,ANBO,147358710A,M,,86,62,N,,,,,,1 swab for Leah,0,0,,
TwoMedicine,5,6/2/2021,ANBO,147364645A,F,,85,62,Y,0,2100400112,pos,35.7687658648605,,,0,0,,
TwoMedicine,1,6/3/2019,ANBO,147334857A,M,,84,62,Y,1,1902400219,,,,Missing,0,0,,
TwoMedicine,2,5/25/2018,ANBO,147339097A,M,,82,61.8,N,,,,,,,0,0,,
TwoMedicine,1,6/2/2020,ANBO,147364277A,M,,80,61.4,N,,,,,,,0,0,,
TwoMedicine,1,5/24/2018,ANBO,147349764A,M,,85,61.3,N,,,,,,1 swab for Leah,0,0,,
TwoMedicine,5,6/4/2021,ANBO,147364170A,M,,100,61,Y,0,2100400010,pos,11040732.5324583,,,0,0,,
TwoMedicine,5,6/5/2019,ANBO,147337525A,M,,80,61,Y,0,1902400233,neg,0,,,0,0,,
TwoMedicine,1,6/3/2019,ANBO,147364535A,F,,76,61,N,,,,,,bloodaround cloata,1,0,,
TwoMedicine,5,6/2/2020,ANBO,147345660A,M,,81,60.9,Y,0,2001800211,pos,364826.499955746,,small nematode collected off of right arm ,1,0,,
TwoMedicine,3,5/24/2018,ANBO,147357791A,M,,74,60.8,N,,,,,,,0,0,,
TwoMedicine,1,6/2/2020,ANBO,147346553A,M,,86,60.5,N,,,,,,,0,0,,
TwoMedicine,5,5/25/2018,ANBO,147364491A,M,,78,60.2,N,,,,,,,0,0,,
TwoMedicine,2,6/2/2020,ANBO,147354745A,M,,79,60.1,Y,0,2001800218,pos,349.972321534244,,~3 toads missed,0,0,,
TwoMedicine,1,6/3/2019,ANBO,147336665A,M,,81,60,Y,1,1902400213,,,,Missing,0,0,,
TwoMedicine,5,7/31/2019,ANBO,147347460A,M,,79,60,Y,0,1903900016,neg,0,,Lesions and shedding skin on back. Open hole with maggots.,1,0,,
TwoMedicine,1,7/31/2019,ANBO,147335686A,M,,75,60,Y,0,1903900142,neg,0,,,0,0,,
TwoMedicine,2,7/31/2019,ANBO,147349446A,M,,74,60,Y,0,1903900003,neg,0,,,0,0,,
TwoMedicine,5,6/2/2020,ANBO,147339583A,M,,79,59.7,Y,0,2001800207,pos,480.450198672145,,,0,0,,
TwoMedicine,5,5/25/2018,ANBO,147349147A,M,,78,59.7,N,,,,,,,0,0,,
TwoMedicine,5,5/25/2018,ANBO,147338094A,M,,77,59.4,N,,,,,,,0,0,,
TwoMedicine,3,5/24/2018,ANBO,147338777A,M,,84,59.3,Y,0,1800200185,neg,0,,,0,0,,
TwoMedicine,1,6/2/2020,ANBO,147362225A,M,,81,59.3,N,,,,,,,0,0,,
TwoMedicine,3,5/24/2018,ANBO,147355220A,M,,80,59.3,Y,0,1800200188,pos,205.261895866116,,"Double swab, 2nd for Leah",0,0,,
TwoMedicine,1,6/3/2020,ANBO,147337796A,M,,79,59.3,N,,,,,,,0,0,,
TwoMedicine,2,6/3/2020,ANBO,147339367A,M,,78,59.1,N,,,,,,~2 toads missed,0,0,,
TwoMedicine,2,6/3/2020,ANBO,147339217A,F,,81,58.8,N,,,,,,,0,0,,
TwoMedicine,5,5/25/2018,ANBO,147364277A,M,,78,58.7,N,,,,,,,0,0,,
TwoMedicine,1,6/2/2020,ANBO,4616574D63,M,,73,58.6,N,,,,,,,0,0,,
TwoMedicine,1,6/3/2020,ANBO,147357250A,M,,79,58.5,N,,,,,,,0,0,,
TwoMedicine,1,6/4/2020,ANBO,146176691A,M,,80,58.2,N,,,,,,,0,0,,
TwoMedicine,2,6/5/2019,ANBO,147361637A,M,,85,58,N,,,,,,,0,0,,
TwoMedicine,1,6/2/2020,ANBO,152429106A,M,,79,58,N,,,,,,,0,0,,
TwoMedicine,1,6/2/2020,ANBO,147336294A,M,,85,57.9,N,,,,,,,0,0,,
TwoMedicine,5,5/25/2018,ANBO,147352214A,M,,78,57.8,N,,,,,,,0,0,,
TwoMedicine,1,6/2/2021,ANBO,147351732A,M,,84,57.5,Y,0,2100500340,pos,15136.3331095021,,,0,0,,
TwoMedicine,5,6/5/2020,ANBO,147338211A,M,,82,57.5,Y,0,2001900315,pos,100292.756303174,,,0,0,,
TwoMedicine,1,6/2/2021,ANBO,147349234A,M,,87,57.4,Y,0,2100500341,pos,565816.10968296,,,0,0,,
TwoMedicine,1,6/2/2020,ANBO,147351350A,M,,84,57.1,N,,,,,,,0,0,,
TwoMedicine,1,6/3/2019,ANBO,146232490A,M,,86,57,Y,1,1902400207,,,,Missing,0,0,,
TwoMedicine,3,5/24/2018,ANBO,147355453A,M,,78,57,N,,,,,,"Two PIT in original data 146276457A/147355453A, filled with 147355453A because other PIT doesn't exist in data",0,0,,
TwoMedicine,2,7/31/2019,ANBO,146149472A,M,,77,57,Y,0,1903900162,neg,0,,,0,0,,
TwoMedicine,2,6/5/2019,ANBO,147364594A,M,,75,57,N,,,,,,,0,0,,
TwoMedicine,2,6/4/2020,ANBO,147337126A,M,,81,56.9,Y,0,2001800050,pos,63401.3075407101,,swabbed by accident (#21) so we kept it,0,0,,
TwoMedicine,1,6/1/2021,ANBO,147353591A,M,,87,56.5,Y,0,2100400027,pos,197.980867066838,,,0,0,,
TwoMedicine,1,6/3/2020,ANBO,147356250A,M,,75,56.3,N,,,,,,,0,0,,
TwoMedicine,2,5/24/2018,ANBO,146254125A,M,,78,56.1,Y,0,1800200225,pos,489038.399562012,,"Double swab, 2nd for Leah",0,0,,
TwoMedicine,1,6/3/2019,ANBO,14735537A,M,,86,56,Y,1,1902400215,,,,Missing,0,0,,
TwoMedicine,2,8/18/2020,ANBO,147362163A,M ,,80,55.9,Y,0,2002900031,neg,0,,caught on 6/3/2020,0,0,,
TwoMedicine,2,5/25/2018,ANBO,147337752A,F,,73,55.9,N,,,,,,,0,0,,
TwoMedicine,2,8/18/2020,ANBO,147356621A,M ,,74,55.6,Y,0,2002900058,neg,0,,caught on 6/1/2020 (shedding skin) and 6/4/2020,0,0,,
TwoMedicine,5,6/4/2021,ANBO,147358556A,M,,82,55.3,Y,0,2100400104,pos,2080.78518371528,,,0,0,,
TwoMedicine,3,5/24/2018,ANBO,146163362A,M,,77,55.3,Y,0,1800200179,pos,158542.234160225,,,0,0,,
TwoMedicine,1,6/3/2020,ANBO,146246532A,M,,76,55.3,N,,,,,,,0,0,,
TwoMedicine,1,5/24/2018,ANBO,147336665A,M,,83,55.2,N,,,,,,,0,0,,
TwoMedicine,5,5/25/2018,ANBO,147361637A,M,,82,55.2,N,,,,,,,0,0,,
TwoMedicine,5,5/25/2018,ANBO,147357735A,M,,76,55.2,Y,0,1800200243,pos,842.953178872545,,"Double swab, 2nd for Leah",0,0,,
TwoMedicine,3,6/5/2019,ANBO,146214283A,M,,77,55,Y,0,1902400242,pos,78903.5847991508,,,0,0,,
TwoMedicine,2,6/2/2021,ANBO,147359273A,M,,97,54.9,Y,0,2100400116,pos,16572.2484055593,,,0,0,,
TwoMedicine,5,5/25/2018,ANBO,147364515A,M,,78,54.8,Y,0,1800200250,neg,0,,"Double swab, 2nd for Leah",0,0,,
TwoMedicine,3,5/24/2018,ANBO,147344464A,M,,75,54.8,N,,,,,,,0,0,,
TwoMedicine,1,5/24/2018,ANBO,147356722A,M,,83,54.7,N,,,,,,,0,0,,
TwoMedicine,5,6/4/2021,ANBO,147352151A,M,,81,54.5,Y,0,2100400011,pos,14460.8001854055,,,0,0,,
TwoMedicine,2,5/26/2018,ANBO,147336372A,M,,80,54.2,N,,,,,,,0,0,,
TwoMedicine,2,5/26/2018,ANBO,147347151A,M,,78,54.2,N,,,,,,,0,0,,
TwoMedicine,1,6/3/2019,ANBO,147353360A,M,,81,54,N,,,,,,,0,0,,
TwoMedicine,2,5/25/2018,ANBO,146209266A,M,,78,54,N,,,,,,1 swab for Leah,0,0,,
TwoMedicine,1,6/3/2019,ANBO,147336266A,M,,77,54,Y,1,1902400214,,,,Missing,0,0,,
TwoMedicine,2,7/31/2019,ANBO,147357137A,M,,72,54,Y,0,1903900001,neg,0,,,0,0,,
TwoMedicine,5,7/31/2019,ANBO,147355210A,M,,70,54,Y,0,1903900023,neg,0,,Shedding skin. Lesions with maggots on back and right leg.,1,0,,
TwoMedicine,1,6/3/2020,ANBO,147353622A,M,,83,53.9,N,,,,,,,0,0,,
TwoMedicine,5,5/25/2018,ANBO,147356250A,M,,76,53.8,N,,,,,,,0,0,,
TwoMedicine,3,5/24/2018,ANBO,147358247A,M,,74,53.8,N,,,,,,1 swab for Leah,0,0,,
TwoMedicine,2,6/2/2020,ANBO,146246532A,M,,73,53.5,Y,0,2001800221,pos,470407.313728206,,,0,0,,
TwoMedicine,5,5/25/2018,ANBO,147359316A,M,,78,53.3,N,,,,,,,0,0,,
TwoMedicine,3,6/4/2020,ANBO,147351444A,M,,77,53.3,Y,0,2001800134,pos,1909.58110170157,,,0,0,,
TwoMedicine,2,5/26/2018,ANBO,146246532A,M,,83,53.1,N,,,,,,,0,0,,
TwoMedicine,3,5/24/2018,ANBO,147345577A,M,,79,53.1,N,,,,,,1 swab for Leah,0,0,,
TwoMedicine,1,6/4/2021,ANBO,147345620A,M,,86,53,Y,0,2100500373,pos,4101.93723329138,,,0,0,,
TwoMedicine,1,6/3/2019,ANBO,147335661A,M,,77,53,N,,,,,,,0,0,,
TwoMedicine,1,8/1/2019,ANBO,147355690A,M,,76,53,Y,0,1903900146,pos,138.72018103792,,,0,0,,
TwoMedicine,1,7/31/2019,ANBO,147339294A,M,,72,53,Y,0,1903900141,pos,69.8429351113665,,,0,0,,
TwoMedicine,1,8/1/2019,ANBO,147346090A,M,,68,53,Y,0,1903900149,neg,0,,,0,0,,
TwoMedicine,5,5/25/2018,ANBO,147336285A,M,,72,52.9,N,,,,,,,0,0,,
TwoMedicine,5,5/25/2018,ANBO,147355394A,M,,79,52.4,N,,,,,,1 swab for Leah; thin drink patch,1,0,,
TwoMedicine,1,6/2/2020,ANBO,147362216A,M,,78,52.4,Y,0,2001800203,neg,0,,,0,0,,
TwoMedicine,1,6/3/2020,ANBO,147356097A,M,,78,52.4,N,,,,,,,0,0,,
TwoMedicine,5,5/25/2018,ANBO,147356751A,M,,77,52.2,N,,,,,,,0,0,,
TwoMedicine,2,8/1/2019,ANBO,147336615A,M,,81,52,Y,0,1903900158,pos,1990.63110665811,,Lesion on right side.,1,0,,
TwoMedicine,2,7/31/2019,ANBO,147357680A,M,,72,52,Y,0,1903900004,neg,0,,,0,0,,
TwoMedicine,5,6/4/2019,ANBO,147346367A,M,,72,52,Y,0,1902400229,pos,3345810.13494787,,,0,0,,
TwoMedicine,2,8/1/2019,ANBO,147357680A,M,,72,52,N,,,,,,,0,0,,
TwoMedicine,2,7/31/2019,ANBO,147336152A,M,,71,52,Y,0,1903900161,neg,0,,,0,0,,
TwoMedicine,5,5/25/2018,ANBO,147352620A,M,,77,51.9,Y,0,1800200241,pos,72460.869579142,,"Double swab, 2nd for Leah",0,0,,
TwoMedicine,1,5/24/2018,ANBO,147357313A,M,,74,51.9,N,,,,,,1 swab for Leah,0,0,,
TwoMedicine,1,6/5/2020,ANBO,147355453A,M,,77,51.8,N,,,,,,,0,0,,
TwoMedicine,5,5/25/2018,ANBO,147338186A,M,,73,51.8,N,,,,,,,0,0,,
TwoMedicine,5,6/4/2021,ANBO,147357272A,M,,84,51.7,N,,,,,,RECAP,0,0,,
TwoMedicine,1,5/24/2018,ANBO,146275611A,M,,82,51.4,Y,0,1800200192,pos,370.084787147479,,"Double swab, 2nd for Leah",0,0,,
TwoMedicine,2,5/25/2018,ANBO,147353491A,M,,73,51.4,N,,,,,,,0,0,,
TwoMedicine,2,6/4/2019,ANBO,147346532A,M,,83,51,Y,1,1902400196,,,,Missing,0,0,,
TwoMedicine,2,6/3/2021,ANBO,147344144A,M,,82,51,Y,0,2100400098,pos,60737.0431102545,,,0,0,,
TwoMedicine,1,6/3/2019,ANBO,147355361A,M,,82,51,Y,1,1902400224,,,,Missing,0,0,,
TwoMedicine,1,6/1/2021,ANBO,147352753A,M,,79,51,Y,0,2100400397,pos,83837.0307244463,,,0,0,,
TwoMedicine,1,6/3/2019,ANBO,147351246A,M,,79,51,Y,1,1902400223,,,,Missing,0,0,,
TwoMedicine,1,6/3/2019,ANBO,147357394A,M,,77,51,N,,,,,,,0,0,,
TwoMedicine,1,8/1/2019,ANBO,147352267A,M,,75,51,Y,0,1903900145,neg,0,,,0,0,,
TwoMedicine,2,6/5/2019,ANBO,147347244A,M,,73,51,N,,,,,,,0,0,,
TwoMedicine,1,6/3/2020,ANBO,147354521A,M,,80,50.9,N,,,,,,,0,0,,
TwoMedicine,1,6/4/2020,ANBO,147351510A,M,,77,50.8,N,,,,,,,0,0,,
TwoMedicine,5,6/3/2021,ANBO,147357272A,M,,80,50.6,Y,0,2100400103,pos,124052.230479583,,,0,0,,
TwoMedicine,1,5/24/2018,ANBO,147362180A,M,,82,50.4,N,,,,,,,0,0,,
TwoMedicine,1,6/1/2021,ANBO,147338240A,M,,92,50.1,Y,0,2100500367,pos,165046.287977425,,,0,0,,
TwoMedicine,1,6/2/2021,ANBO,147364394A,M,,81,50.1,Y,0,2100500325,pos,394029.03350361,,,0,0,,
TwoMedicine,5,6/3/2020,ANBO,147336365A,M,,75,50.1,Y,0,2001800057,pos,14294.2459677514,,,0,0,,
TwoMedicine,1,6/3/2019,ANBO,147339165A,M,,78,50,Y,1,1902400222,,,,Missing,0,0,,
TwoMedicine,1,6/3/2019,ANBO,147356773A,M,,78,50,Y,1,1902400209,,,,Missing bd swab. BdSample converted to NO because a sample that has missing data isn’t different than a no swab for fitting. This is done for all “Missing”,0,0,,
TwoMedicine,5,5/25/2018,ANBO,147352240A,M,,78,50,N,,,,,,,0,0,,
TwoMedicine,1,6/3/2019,ANBO,147367297A,M,,76,50,Y,1,1902400225,,,,Missing,0,0,,
TwoMedicine,2,8/1/2019,ANBO,147354757A,M,,75,50,Y,0,1903900156,neg,0,,,0,0,,
TwoMedicine,2,6/4/2019,ANBO,147352590A,M,,74,50,Y,1,1902400186,,,,Missing,0,0,,
TwoMedicine,2,5/24/2018,ANBO,147345566A,M,,73,50,N,,,,,,1 swab for Leah; PIT # written as 147-345-5566a…so I'm guessing here that it is 147-345-566a,0,0,,
TwoMedicine,2,8/1/2019,ANBO,147351580A,M,,72,50,Y,0,1903900216,pos,82.4770645063036,,,0,0,,
TwoMedicine,3,6/10/2019,ANBO,147358247A,M,,72,50,Y,1,1903900007,,,,Missing,0,0,,
TwoMedicine,2,5/24/2018,ANBO,147348367A,M,,75,49.9,Y,0,1800200222,pos,18368.3104885443,,"Double swab, 2nd for Leah",0,0,,
TwoMedicine,3,5/24/2018,ANBO,146214283A,M,,76,49.8,N,,,,,,1 swab for Leah,0,0,,
TwoMedicine,1,6/3/2020,ANBO,147345620A,M,,78,49.7,N,,,,,,,0,0,,
TwoMedicine,1,6/2/2020,ANBO,146324185A,M,,76,49.7,N,,,,,,,0,0,,
TwoMedicine,5,5/25/2018,ANBO,147345497A,M,,78,49.6,N,,,,,,,0,0,,
TwoMedicine,1,5/24/2018,ANBO,146246532A,M,,80,49.3,N,,,,,,,0,0,,
TwoMedicine,5,6/3/2021,ANBO,147351545A,M,,79,49.2,Y,0,2100400101,pos,65020.1848340183,,,0,0,,
TwoMedicine,1,6/4/2021,ANBO,147364567A,M,,75,49.2,Y,0,2100500374,pos,124560.47354743,,,0,0,,
TwoMedicine,1,6/3/2020,ANBO,147354755A,M,,78,49.1,N,,,,,,,0,0,,
TwoMedicine,5,5/25/2018,ANBO,147351333A,M,,77,49,Y,0,1800200248,pos,48671.1202817173,,"Double swab, 2nd for Leah",0,0,,
TwoMedicine,2,5/25/2018,ANBO,147367240A,M,,76,49,N,,,,,,,0,0,,
TwoMedicine,2,7/31/2019,ANBO,147347686A,M,,74,49,Y,0,1903900164,neg,0,,,0,0,,
TwoMedicine,5,6/4/2020,ANBO,147347513A,M,,78,48.9,Y,0,2001800061,pos,10795.2246870157,,,0,0,,
TwoMedicine,5,8/18/2020,ANBO,147339351A,M ,,75,48.9,Y,0,2002900054,neg,0,,caught on 6/3/2020 with no maggots; myiasis today in cloaca with >10 maggots,1,0,,
TwoMedicine,3,5/24/2018,ANBO,147336266A,M,,76,48.8,N,,,,,,,0,0,,
TwoMedicine,1,6/3/2020,ANBO,147361514A,M,,75,48.8,N,,,,,,,0,0,,
TwoMedicine,1,6/1/2021,ANBO,147362163A,M,,86,48.7,Y,0,2100400400,pos,469.126842580978,,,0,0,,
TwoMedicine,2,5/25/2018,ANBO,147347244A,M,,74,48.7,N,,,,,,,0,0,,
TwoMedicine,1,6/3/2020,ANBO,147344731A,M,,78,48.6,N,,,,,,,0,0,,
TwoMedicine,1,6/3/2020,ANBO,147362163A,M,,78,48.6,N,,,,,,,0,0,,
TwoMedicine,5,6/3/2021,ANBO,147344555A,M,,94,48.5,Y,0,2100400102,pos,1000197.54636375,,,0,0,,
TwoMedicine,3,6/1/2021,ANBO,147358286A,M,,77,48.5,Y,0,2100400005,pos,29016743.6703224,,,0,0,,
TwoMedicine,2,5/25/2018,ANBO,147346445A,M,,72,48.4,N,,,,,,,0,0,,
TwoMedicine,5,6/4/2021,ANBO,147356725A,M,,75,48.3,Y,0,2100400009,pos,18569.6766108452,,,0,0,,
TwoMedicine,5,6/2/2021,ANBO,147338552A,M,,81,48.2,Y,0,2100400109,pos,86271.1527982458,,,0,0,,
TwoMedicine,1,6/3/2021,ANBO,147362163A,M,,80,48.2,N,,,,,,RECAP,0,0,,
TwoMedicine,5,5/25/2018,ANBO,147359397A,,,75,48.2,N,,,,,,Sex not recorded,0,0,,
TwoMedicine,2,6/1/2021,ANBO,147338552A,M,,84,48.1,Y,0,2100500361,pos,20456.3717828302,,,0,0,,
TwoMedicine,1,6/4/2021,ANBO,147353113A,M,,76,48.1,Y,0,2100400119,pos,16203.7387085598,,,0,0,,
TwoMedicine,2,5/26/2018,ANBO,147356333A,M,,77,48,N,,,,,,,0,0,,
TwoMedicine,2,6/4/2019,ANBO,147344644A,M,,74,48,Y,1,1902400204,,,,Missing,0,0,,
TwoMedicine,3,6/4/2021,ANBO,147358286A,M,,90,47.9,N,,,,,,RECAP,0,0,,
TwoMedicine,1,6/5/2020,ANBO,147354664A,M,,79,47.9,N,,,,,,,0,0,,
TwoMedicine,2,5/25/2018,ANBO,147339533A,M,,75,47.8,N,,,,,,,0,0,,
TwoMedicine,1,6/5/2020,ANBO,146255674A,M,,72,47.8,N,,,,,,,0,0,,
TwoMedicine,3,6/4/2021,ANBO,147355690A,M,,79,47.7,Y,0,2100400125,pos,1698.382374214,,,0,0,,
TwoMedicine,1,6/2/2020,ANBO,147353397A,M,,75,47.7,N,,,,,,,0,0,,
TwoMedicine,2,6/1/2021,ANBO,147347115A,M,,85,47.6,Y,0,2100500370,pos,79659.9395396268,,,0,0,,
TwoMedicine,1,5/24/2018,ANBO,147357685A,M,,78,47.6,N,,,,,,1 swab for Leah,0,0,,
TwoMedicine,1,6/1/2021,ANBO,147344366A,M,,75,47.3,Y,0,2100400399,pos,49372.6228546272,,,0,0,,
TwoMedicine,2,5/24/2018,ANBO,147353132A,M,,73,47.2,Y,0,1800200224,pos,154700.221055436,,"Double swab, 2nd for Leah",0,0,,
TwoMedicine,1,6/3/2019,ANBO,147355133A,M,,80,47,N,,,,,,,0,0,,
TwoMedicine,1,6/3/2019,ANBO,147354554A,M,,75,47,Y,1,1902400221,,,,"lession on drink patch, Missing",1,0,,
TwoMedicine,2,6/4/2019,ANBO,147344637A,F,,75,47,N,,,,,,MAYBE GRAVID,0,0,,
TwoMedicine,2,6/4/2019,ANBO,147345097A,M,,74,47,Y,1,1902400197,,,,Missing,0,0,,
TwoMedicine,2,6/5/2019,ANBO,147344644A,M,,73,47,N,,,,,,,0,0,,
TwoMedicine,5,6/5/2020,ANBO,147338186A,M,,72,47,Y,0,2001900317,pos,23813.5676734272,,,0,0,,
TwoMedicine,3,6/10/2019,ANBO,147345332A,,,72,47,N,,,,,,,0,0,,
TwoMedicine,5,7/31/2019,ANBO,147337154A,M,,70,47,Y,0,1903900022,neg,0,,Lesions with maggots on right arm.,1,0,,
TwoMedicine,1,6/1/2020,ANBO,146219262A,M,,75,46.9,Y,0,2001800117,pos,132348.616028404,,,0,0,,
TwoMedicine,2,6/1/2021,ANBO,147347256A,M,,80,46.8,Y,0,2100500366,pos,278353.056779008,,,0,0,,
TwoMedicine,3,5/24/2018,ANBO,147352326A,M,,73,46.8,N,,,,,,,0,0,,
TwoMedicine,2,5/25/2018,ANBO,147359640A,M,,73,46.8,N,,,,,,,0,0,,
TwoMedicine,1,6/1/2021,ANBO,147338663A,M,,84,46.7,Y,0,2100400002,pos,25458.1668463713,,,0,0,,
TwoMedicine,5,5/25/2018,ANBO,147352377A,M,,72,46.7,N,,,,,,,0,0,,
TwoMedicine,2,6/2/2021,ANBO,147364177A,M,,77,46.6,N,,,,,,,0,0,,
TwoMedicine,2,8/18/2020,ANBO,147367571A,M ,,75,46.4,Y,0,2002900067,neg,0,,myiasis-like wound on right side but no maggots observed,1,0,,
TwoMedicine,1,6/1/2021,ANBO,147356592A,M,,91,46.1,Y,0,2100400004,pos,623728.403383727,,,0,0,,
TwoMedicine,2,5/26/2018,ANBO,147364272A,M,,75,46.1,N,,,,,,,0,0,,
TwoMedicine,2,8/1/2019,ANBO,147355154A,M,,82,46,Y,0,1903900155,neg,0,,,0,0,,
TwoMedicine,1,8/1/2019,ANBO,147347731A,M,,75,46,Y,0,1903900151,neg,0,,,0,0,,
TwoMedicine,3,6/5/2019,ANBO,147345332A,M,,72,46,Y,0,1902400243,pos,969.331418835164,,,0,0,,
TwoMedicine,1,6/3/2019,ANBO,146255674A,M,,68,46,Y,1,1902400208,,,,Missing,0,0,,
TwoMedicine,1,5/24/2018,ANBO,146246262A,F,,81,45.9,Y,0,1800200234,pos,50392.3446373239,,"Double swab, 2nd for Leah",0,0,,
TwoMedicine,1,6/3/2020,ANBO,146161335A,M,,77,45.9,N,,,,,,,0,0,,
TwoMedicine,3,5/24/2018,ANBO,147356773A,M,,78,45.8,N,,,,,,,0,0,,
TwoMedicine,1,6/4/2020,ANBO,146277243A,M,,74,45.8,N,,,,,,,0,0,,
TwoMedicine,1,6/3/2020,ANBO,147336385A,M,,74,45.8,N,,,,,,,0,0,,
TwoMedicine,2,5/25/2018,ANBO,147339653A,M,,76,45.7,N,,,,,,,0,0,,
TwoMedicine,1,6/2/2020,ANBO,147336354A,M,,74,45.7,N,,,,,,,0,0,,
TwoMedicine,1,6/3/2020,ANBO,147339515A,M,,74,45.7,N,,,,,,,0,0,,
TwoMedicine,1,6/2/2021,ANBO,147359093A,M,,87,45.6,N,,,,,,RECAP,0,0,,
TwoMedicine,1,5/24/2018,ANBO,147355397A,M,,78,45.6,Y,0,1800200190,pos,1824.35670183538,,"Double swab, 2nd for Leah",0,0,,
TwoMedicine,1,6/2/2020,ANBO,147338171A,M,,78,45.6,N,,,,,,,0,0,,
TwoMedicine,3,6/1/2021,ANBO,147354143A,M,,72,45.6,Y,0,2100400028,pos,59955.7278734796,,,0,0,,
TwoMedicine,1,6/5/2020,ANBO,147351572A,M,,72,45.6,N,,,,,,,0,0,,
TwoMedicine,3,6/2/2021,ANBO,147354143A,M,,85,45.3,N,,,,,,RECAP,0,0,,
TwoMedicine,1,6/4/2021,ANBO,147356621A,M,,85,45.3,N,,,,,,RECAP,0,0,,
TwoMedicine,1,5/24/2018,ANBO,147356247A,M,,76,45.3,Y,0,1800200231,pos,32.758724258525,,"Double swab, 2nd for Leah",0,0,,
TwoMedicine,1,6/3/2020,ANBO,146316710A,M,,73,45.3,N,,,,,,,0,0,,
TwoMedicine,5,6/3/2021,ANBO,147338552A,M,,77,45.2,N,,,,,,RECAP,0,0,,
TwoMedicine,3,5/24/2018,ANBO,147347246A,M,,71,45.2,Y,0,1800200187,pos,265.568005724468,,"Double swab, 2nd for Leah",0,0,,
TwoMedicine,1,5/24/2018,ANBO,146255674A,M,,79,45.1,Y,0,1800200233,pos,10765.8395704664,,"Double swab, 2nd for Leah",0,0,,
TwoMedicine,2,6/4/2019,ANBO,147349292A,M,,76,45,Y,1,1902400198,,,,Missing,0,0,,
TwoMedicine,1,6/3/2019,ANBO,147345673A,M,,76,45,Y,1,1902400211,,,,Missing,0,0,,
TwoMedicine,2,6/4/2019,ANBO,147347222A,M,,75,45,Y,1,1902400193,,,,Missing,0,0,,
TwoMedicine,2,6/5/2019,ANBO,147367292A,M,,74,45,N,,,,,,,0,0,,
TwoMedicine,5,6/5/2019,ANBO,147336621A,M,,73,45,Y,0,1902400235,pos,4099142.96216475,,,0,0,,
TwoMedicine,2,8/1/2019,ANBO,147347757A,M,,71,45,Y,0,1903900217,neg,0,,,0,0,,
TwoMedicine,2,6/4/2019,ANBO,147339323A,M,,67,45,Y,1,1902400203,,,,Missing,0,0,,
TwoMedicine,3,6/10/2019,ANBO,147337164A,M,,64,45,Y,1,1903900009,,,,Missing,0,0,,
TwoMedicine,1,6/2/2021,ANBO,147367466A,M,,88,44.9,Y,0,2100500339,pos,705605.02545004,,,0,0,,
TwoMedicine,2,6/4/2021,ANBO,147351095A,F,,77,44.9,Y,0,2100400097,pos,431.997140508893,,,0,0,,
TwoMedicine,1,6/4/2021,ANBO,147347214A,M,,76,44.9,Y,0,2100400032,pos,100772.303465123,,,0,0,,
TwoMedicine,2,5/25/2018,ANBO,147352197A,M,,70,44.9,N,,,,,,,0,0,,
TwoMedicine,1,6/2/2020,ANBO,147336647A,M,,69,44.9,N,,,,,,,0,0,,
TwoMedicine,3,5/24/2018,ANBO,147339280A,M,,69,44.7,Y,0,1800200176,pos,254.408245477182,,,0,0,,
TwoMedicine,3,6/3/2021,ANBO,147354143A,M,,85,44.5,N,,,,,,RECAP,0,0,,
TwoMedicine,1,6/1/2021,ANBO,147344535A,M,,84,44.5,Y,0,2100400398,pos,12320.9762919785,,,0,0,,
TwoMedicine,1,6/3/2020,ANBO,147357274A,M,,74,44.5,N,,,,,,,0,0,,
TwoMedicine,2,5/26/2018,ANBO,147344140A,M,,73,44.5,N,,,,,,,0,0,,
TwoMedicine,2,6/3/2021,ANBO,147345471A,M,,92,44.4,Y,0,2100400106,pos,7497.22973278843,,,0,0,,
TwoMedicine,1,5/24/2018,ANBO,147361153A,M,,79,44.3,Y,0,1800200191,pos,248.073970468817,,"Double swab, 2nd for Leah",0,0,,
TwoMedicine,2,5/26/2018,ANBO,147362692A,M,,72,44.3,N,,,,,,,0,0,,
TwoMedicine,1,6/3/2020,ANBO,147357091A,M,,72,44.2,N,,,,,,,0,0,,
TwoMedicine,2,6/2/2021,ANBO,147359157A,M,,91,44,Y,0,2100400117,pos,2477.36105800612,,,0,0,,
TwoMedicine,2,6/4/2019,ANBO,147367292A,M,,80,44,Y,1,1902400189,,,,Missing,0,0,,
TwoMedicine,1,6/3/2019,ANBO,147336320A,M,,78,44,Y,1,1902400218,,,,Missing,0,0,,
TwoMedicine,1,6/3/2019,ANBO,147357680A,M,,76,44,Y,1,1902400216,,,,Missing,0,0,,
TwoMedicine,2,6/3/2020,ANBO,147359611A,M,,71,44,Y,0,2001800204,pos,586225.190914638,,,0,0,,
TwoMedicine,3,6/11/2019,ANBO,147338593A,M,,71,44,Y,1,1902400230,,,,Missing,0,0,,
TwoMedicine,3,5/24/2018,ANBO,147335686A,M,,70,44,N,,,,,,1 swab for Leah,0,0,,
TwoMedicine,2,7/31/2019,ANBO,147355365A,M,,68,44,Y,0,1903900163,neg,0,,,0,0,,
TwoMedicine,1,6/2/2020,ANBO,147348592A,M,,74,43.8,N,,,,,,,0,0,,
TwoMedicine,1,5/24/2018,ANBO,146235361A,M,,79,43.7,Y,0,1800200193,pos,24074.628470692,,"Double swab, 2nd for Leah",0,0,,
TwoMedicine,5,5/25/2018,ANBO,147356632A,M,,76,43.7,Y,0,1800200245,pos,138060.050557279,,"Double swab, 2nd for Leah",0,0,,
TwoMedicine,5,5/25/2018,ANBO,147351170A,M,,73,43.5,N,,,,,,,0,0,,
TwoMedicine,1,6/2/2020,ANBO,147356247A,M,,70,43.5,N,,,,,,,0,0,,
TwoMedicine,5,6/4/2020,ANBO,147356624A,M,,74,43.4,Y,0,2001800060,neg,0,,,0,0,,
TwoMedicine,1,6/4/2021,ANBO,147346337A,M,,72,43.4,Y,0,2100400034,pos,880.529615951116,,,0,0,,
TwoMedicine,2,5/25/2018,ANBO,147355615A,M,,72,43.4,N,,,,,,,0,0,,
TwoMedicine,1,6/3/2020,ANBO,147362751A,M,,78,43.3,N,,,,,,,0,0,,
TwoMedicine,5,5/25/2018,ANBO,147353227A,M,,74,43.3,N,,,,,,,0,0,,
TwoMedicine,1,6/1/2021,ANBO,147356621A,M,,88,43.2,Y,0,2100400030,pos,97862.3245253374,,,0,0,,
TwoMedicine,2,6/1/2021,ANBO,147344286A,M,,79,43.2,Y,0,2100500369,pos,190698.034522512,,,0,0,,
TwoMedicine,5,6/3/2020,ANBO,147349115A,F,,73,43.2,Y,0,2001800054,pos,85919.1413285066,,,0,0,,
TwoMedicine,1,6/3/2020,ANBO,147352267A,M,,73,43.2,N,,,,,,,0,0,,
TwoMedicine,1,6/2/2021,ANBO,147344535A,M,,86,43.1,N,,,,,,RECAP,0,0,,
TwoMedicine,2,6/2/2020,ANBO,147353274A,M,,70,43.1,Y,0,2001800219,pos,36013.3408415593,,,0,0,,
TwoMedicine,5,6/4/2021,ANBO,147356770A,M,,86,43,Y,0,2100400105,pos,4540303.62981898,,,0,0,,
TwoMedicine,1,6/3/2019,ANBO,147346221A,M,,78,43,N,,,,,,,0,0,,
TwoMedicine,2,6/4/2019,ANBO,147359254A,M,,77,43,Y,1,1902400190,,,,Missing,0,0,,
TwoMedicine,1,6/3/2019,ANBO,147356251A,M,,75,43,N,,,,,,,0,0,,
TwoMedicine,2,6/3/2020,ANBO,147345135A,M,,72,43,Y,0,2001800058,pos,118677.425606261,,,0,0,,
TwoMedicine,2,6/5/2019,ANBO,147359254A,M,,72,43,N,,,,,,,0,0,,
TwoMedicine,2,5/25/2018,ANBO,147355126A,M,,70,43,N,,,,,,,0,0,,
TwoMedicine,2,5/25/2018,ANBO,147348333A,M,,74,42.9,N,,,,,,1 swab for Leah,0,0,,
TwoMedicine,2,5/26/2018,ANBO,147346290A,M,,73,42.9,N,,,,,,,0,0,,
TwoMedicine,1,5/24/2018,ANBO,146277243A,M,,75,42.8,Y,0,1800200195,pos,21035.9618987979,,"Double swab, 2nd for Leah",0,0,,
TwoMedicine,2,8/18/2020,ANBO,147351212A,M ,,74,42.8,Y,0,2002900021,neg,0,,caught on 6/3/2020 with no maggots; myiasis in cloaca (2 separate spots) with >10 young maggots in each,1,0,,
TwoMedicine,1,6/3/2020,ANBO,147346547A,M,,71,42.7,N,,,,,,,0,0,,
TwoMedicine,1,6/2/2020,ANBO,147349167A,M,,72,42.6,Y,0,2001800210,pos,80314.0116010516,,,0,0,,
TwoMedicine,5,5/25/2018,ANBO,146262371A,M,,72,42.6,N,,,,,,,0,0,,
TwoMedicine,2,6/5/2020,ANBO,147359093A,M,,73,42.4,N,,,,,,,0,0,,
TwoMedicine,2,5/26/2018,ANBO,147367134A,F,,76,42.3,N,,,,,,,0,0,,
TwoMedicine,1,6/2/2021,ANBO,147356592A,M,,90,42.2,N,,,,,,RECAP,0,0,,
TwoMedicine,2,6/1/2021,ANBO,147336657A,M,,78,42.2,Y,0,2100500362,pos,20737.0759870834,,,0,0,,
TwoMedicine,2,6/2/2020,ANBO,147364362A,M,,72,42.2,Y,0,2001800206,pos,3253.6252140277,,,0,0,,
TwoMedicine,1,6/3/2020,ANBO,147355373A,M,,72,42.2,N,,,,,,,0,0,,
TwoMedicine,5,5/25/2018,ANBO,147359146A,M,,69,42.2,N,,,,,,,0,0,,
TwoMedicine,2,6/3/2021,ANBO,147344286A,M,,89,42.1,N,,,,,,RECAP,0,0,,
TwoMedicine,1,6/1/2021,ANBO,147349474A,M,,82,42.1,Y,0,2100400006,pos,355743.02321259,,,0,0,,
TwoMedicine,1,6/3/2019,ANBO,147348217A,M,,74,42,Y,1,1902400206,,,,Missing,0,0,,
TwoMedicine,3,6/11/2019,ANBO,147364215A,M,,72,42,Y,1,1902400247,,,,Missing,0,0,,
TwoMedicine,1,6/3/2019,ANBO,147344721A,M,,71,42,Y,1,1902400217,,,,Missing,0,0,,
TwoMedicine,5,6/2/2020,ANBO,147346612A,M,,70,42,Y,0,2001800222,pos,218840.257539127,,,0,0,,
TwoMedicine,2,6/5/2019,ANBO,147344535A,M,,70,42,Y,1,1902400246,,,,Missing,0,0,,
TwoMedicine,3,6/10/2019,ANBO,147344751A,M,,70,42,Y,1,1903900006,,,,Missing,0,0,,
TwoMedicine,1,6/2/2020,ANBO,147351396A,M,,70,42,N,,,,,,,0,0,,
TwoMedicine,5,5/25/2018,ANBO,147356455A,M,,70,41.9,N,,,,,,,0,0,,
TwoMedicine,2,6/1/2020,ANBO,147345447A,M,,72,41.8,Y,0,2001800121,neg,0,,one toad missing ,0,0,,
TwoMedicine,5,6/2/2020,ANBO,147349483A,M,,71,41.8,Y,0,2001800201,neg,0,,,0,0,,
TwoMedicine,5,5/25/2018,ANBO,147336133A,M,,70,41.8,N,,,,,,,0,0,,
TwoMedicine,3,6/4/2021,ANBO,147354143A,M,,77,41.7,N,,,,,,RECAP,0,0,,
TwoMedicine,1,6/2/2020,ANBO,147354664A,M,,76,41.7,N,,,,,,,0,0,,
TwoMedicine,1,6/2/2020,ANBO,147348180A,M,,68,41.7,N,,,,,,,0,0,,
TwoMedicine,2,6/2/2021,ANBO,147355767A,M,,78,41.6,Y,0,2100400114,pos,56.8521544447992,,,0,0,,
TwoMedicine,2,6/2/2021,ANBO,147344286A,M,,77,41.6,N,,,,,,,0,0,,
TwoMedicine,2,6/2/2021,ANBO,147364125A,M,,74,41.6,N,,,,,,,0,0,,
TwoMedicine,2,6/3/2020,ANBO,147349093A,M,,70,41.6,N,,,,,,,0,0,,
TwoMedicine,1,6/3/2021,ANBO,147356592A,M,,79,41.5,N,,,,,,RECAP,0,0,,
TwoMedicine,5,5/25/2018,ANBO,147337162A,M,,75,41.5,N,,,,,,,0,0,,
TwoMedicine,5,5/25/2018,ANBO,147359277A,M,,74,41.5,N,,,,,,,0,0,,
TwoMedicine,2,5/26/2018,ANBO,147351240A,M,,72,41.5,N,,,,,,,0,0,,
TwoMedicine,2,5/25/2018,ANBO,147348361A,M,,70,41.4,N,,,,,,,0,0,,
TwoMedicine,1,8/1/2019,ANBO,147338693A,U,,73,41,Y,0,1903900152,pos,9222916.2470994,,"Lethargic - eyes closed, not moving.",1,0,,
TwoMedicine,2,5/25/2018,ANBO,147348217A,M,,70,41,N,,,,,,,0,0,,
TwoMedicine,2,6/5/2019,ANBO,147352267A,M,,70,41,N,,,,,,,0,0,,
TwoMedicine,3,6/10/2019,ANBO,147362285A,M,,62,41,Y,1,1903900008,,,,Missing,0,0,,
TwoMedicine,3,6/11/2019,ANBO,147362285A,M,,62,41,N,,,,,,,0,0,,
TwoMedicine,3,5/24/2018,ANBO,147352447A,M,,67,40.9,Y,0,1800200189,pos,2175022.26619865,,"Double swab, 2nd for Leah",0,0,,
TwoMedicine,3,6/4/2021,ANBO,147339347A,M,,84,40.8,Y,0,2100400123,pos,74819.1865623876,,,0,0,,
TwoMedicine,2,6/1/2021,ANBO,147364125A,M,,75,40.8,Y,0,2100500364,pos,106490.968068174,,,0,0,,
TwoMedicine,2,5/26/2018,ANBO,147347310A,M,,74,40.8,N,,,,,,,0,0,,
TwoMedicine,5,6/2/2021,ANBO,147345091A,M,,78,40.7,Y,0,2100400111,pos,8901.82590537195,,,0,0,,
TwoMedicine,2,5/24/2018,ANBO,147355767A,M,,68,40.7,Y,0,1800200226,pos,3790175.56386901,,"Double swab, 2nd for Leah",0,0,,
TwoMedicine,1,6/2/2020,ANBO,147351583A,M,,75,40.6,Y,0,2001800215,pos,8871.54722497026,,,0,0,,
TwoMedicine,2,6/5/2020,ANBO,147344637A,F,,72,40.6,N,,,,,,found on dam,0,0,,
TwoMedicine,1,6/2/2020,ANBO,147336155A,M,,68,40.6,N,,,,,,,0,0,,
TwoMedicine,5,5/25/2018,ANBO,147336774A,M,,72,40.5,N,,,,,,,0,0,,
TwoMedicine,2,5/26/2018,ANBO,147351595A,M,,74,40.4,N,,,,,,,0,0,,
TwoMedicine,1,6/3/2020,ANBO,147339294A,M,,73,40.4,N,,,,,,,0,0,,
TwoMedicine,2,5/25/2018,ANBO,147349696A,M,,69,40.4,N,,,,,,,0,0,,
TwoMedicine,5,5/25/2018,ANBO,147336352A,M,,69,40.3,N,,,,,,,0,0,,
TwoMedicine,5,5/25/2018,ANBO,147356180A,M,,71,40.2,N,,,,,,,0,0,,
TwoMedicine,1,6/4/2021,ANBO,147359332A,M,,75,40.1,Y,0,2100400031,pos,5524.80831001079,,,0,0,,
TwoMedicine,2,6/5/2020,ANBO,147354627A,M,,73,40.1,N,,,,,,,0,0,,
TwoMedicine,1,6/3/2020,ANBO,147352744A,M,,70,40.1,N,,,,,,,0,0,,
TwoMedicine,2,6/4/2019,ANBO,147358116A,M,,75,40,Y,1,1902400205,,,,Missing,0,0,,
TwoMedicine,3,6/3/2019,ANBO,147347333A,M,,74,40,Y,0,1902400210,pos,755878.800831111,,,0,0,,
TwoMedicine,2,6/5/2019,ANBO,147336146A,M,,72,40,N,,,,,,,0,0,,
TwoMedicine,3,6/10/2019,ANBO,147345296A,M,,71,40,Y,1,1903900019,,,,Missing,0,0,,
TwoMedicine,3,6/11/2019,ANBO,147345296A,M,,71,40,N,,,,,,,0,0,,
TwoMedicine,1,8/1/2019,ANBO,147355766A,M,,70,40,Y,0,1903900147,pos,136.00573633983,,,0,0,,
TwoMedicine,1,6/3/2019,ANBO,147364520A,M,,70,40,Y,1,1902400220,,,,Missing,0,0,,
TwoMedicine,2,6/4/2019,ANBO,147352267A,M,,69,40,Y,1,1902400187,,,,Missing,0,0,,
TwoMedicine,1,6/3/2020,ANBO,147355767A,M,,68,39.9,N,,,,,,,0,0,,
TwoMedicine,1,6/3/2020,ANBO,147336320A,M,,73,39.8,N,,,,,,,0,0,,
TwoMedicine,5,5/25/2018,ANBO,147344244A,M,,71,39.8,Y,0,1800200249,pos,329827.175674494,,"Double swab, 2nd for Leah",0,0,,
TwoMedicine,2,5/25/2018,ANBO,147338661A,M,,71,39.8,N,,,,,,,0,0,,
TwoMedicine,2,5/25/2018,ANBO,147356592A,M,,70,39.7,N,,,,,,1 swab for Leah,0,0,,
TwoMedicine,5,5/25/2018,ANBO,147351632A,M,,70,39.6,N,,,,,,1 swab for Leah,0,0,,
TwoMedicine,1,6/2/2020,ANBO,147355445A,M,,66,39.6,N,,,,,,,0,0,,
TwoMedicine,2,6/3/2020,ANBO,147344640A,M,,74,39.5,Y,0,2001800216,pos,2186911.81876043,,caught at 47-1 on 6/2/20,0,0,,
TwoMedicine,1,6/2/2020,ANBO,147344640A,M,,74,39.5,N,,,,,,,0,0,,
TwoMedicine,1,6/3/2020,ANBO,147356137A,M,,74,39.5,N,,,,,,,0,0,,
TwoMedicine,1,6/2/2020,ANBO,147349474A,M,,73,39.5,N,,,,,,,0,0,,
TwoMedicine,1,6/2/2020,ANBO,147352313A,M,,72,39.5,N,,,,,,,0,0,,
TwoMedicine,5,5/25/2018,ANBO,147351511A,M,,71,39.5,N,,,,,,,0,0,,
TwoMedicine,2,5/25/2018,ANBO,147361533A,M,,72,39.3,N,,,,,,,0,0,,
TwoMedicine,5,6/2/2020,ANBO,147359254A,M,,67,39.3,Y,0,2001800208,pos,17053.4066158142,,,0,0,,
TwoMedicine,2,6/2/2021,ANBO,147353670A,M,,86,39.2,Y,0,2100400115,pos,948.422901331062,,,0,0,,
TwoMedicine,2,6/3/2021,ANBO,147364566A,M,,71,39.2,Y,0,2100400099,pos,15427.9119674249,,,0,0,,
TwoMedicine,2,6/2/2020,ANBO,147367156A,M,,68,39.2,Y,0,2001800223,pos,2533701.85621721,,dark pigmented spot on belly ,1,0,,
TwoMedicine,1,6/2/2021,ANBO,147339294A,M,,84,39.1,Y,0,2100500331,pos,658674.97724889,,,0,0,,
TwoMedicine,5,8/18/2020,ANBO,146246122A,M ,,78,39.1,Y,0,2002900060,pos,144.116132037883,,myiasis-like sore on cloaca but no maggots observed,1,0,,
TwoMedicine,2,5/26/2018,ANBO,147344286A,M,,74,39.1,N,,,,,,,0,0,,
TwoMedicine,2,5/26/2018,ANBO,147354550A,M,,72,39.1,N,,,,,,,0,0,,
TwoMedicine,3,6/1/2020,ANBO,147337234A,M,,71,39.1,Y,0,2001800129,pos,408798.489948538,,no other toads seen ,0,0,,
TwoMedicine,2,6/3/2020,ANBO,147346271A,M,,67,39.1,Y,0,2001800051,pos,474593.031873014,,,0,0,,
TwoMedicine,2,6/3/2020,ANBO,147362183A,M,,67,39.1,N,,,,,,,0,0,,
TwoMedicine,1,6/3/2019,ANBO,147359265A,M,,76,39,N,,,,,,,0,0,,
TwoMedicine,1,6/3/2019,ANBO,147347674A,M,,74,39,N,,,,,,,0,0,,
TwoMedicine,1,6/3/2019,ANBO,147339685A,M,,73,39,N,,,,,,,0,0,,
TwoMedicine,2,5/25/2018,ANBO,147336155A,M,,72,39,N,,,,,,,0,0,,
TwoMedicine,5,6/4/2019,ANBO,147339495A,M,,70,39,Y,0,1902400227,pos,1493144.24902335,,,0,0,,
TwoMedicine,1,6/3/2020,ANBO,147339280A,M,,69,39,N,,,,,,,0,0,,
TwoMedicine,2,6/5/2019,ANBO,147354616A,M,,68,39,N,,,,,,,0,0,,
TwoMedicine,5,6/5/2019,ANBO,147356554A,M,,65,39,Y,0,1902400231,pos,1905681.29557744,,,0,0,,
TwoMedicine,1,7/31/2019,ANBO,147336734A,M,,62,39,Y,0,1903900144,neg,0,,,0,0,,
TwoMedicine,2,6/5/2019,ANBO,147357463A,M,,57,39,N,,,,,,,0,0,,
TwoMedicine,2,5/25/2018,ANBO,147339564A,M,,69,38.9,N,,,,,,,0,0,,
TwoMedicine,2,5/25/2018,ANBO,147362362A,M,,67,38.9,N,,,,,,,0,0,,
TwoMedicine,2,6/4/2020,ANBO,147364791A,M,,74,38.8,N,,,,,,1 toad missed,0,0,,
TwoMedicine,1,6/2/2020,ANBO,147364177A,M,,73,38.8,N,,,,,,,0,0,,
TwoMedicine,5,5/25/2018,ANBO,147349464A,M,,70,38.8,Y,0,1800200242,pos,74768.2191582469,,"Double swab, 2nd for Leah",0,0,,
TwoMedicine,2,6/3/2020,ANBO,147354757A,M,,68,38.8,Y,0,2001800202,pos,94005.8195824569,,,0,0,,
TwoMedicine,1,6/2/2020,ANBO,147338631A,M,,72,38.7,Y,0,2001800132,neg,0,,,0,0,,
TwoMedicine,2,5/24/2018,ANBO,147348633A,M,,68,38.7,Y,0,1800200229,pos,32073.9662970384,,"Double swab, 2nd for Leah",0,0,,
TwoMedicine,1,6/4/2021,ANBO,147355154A,M,,83,38.6,Y,0,2100400033,pos,4135.61743136233,,,0,0,,
TwoMedicine,1,6/3/2020,ANBO,147362362A,M,,67,38.5,N,,,,,,,0,0,,
TwoMedicine,3,6/2/2020,ANBO,147344751A,M,,71,38.4,Y,0,2001800125,pos,186457.567375235,,no other toads seen ,0,0,,
TwoMedicine,2,6/4/2020,ANBO,147337511A,M,,71,38.4,N,,,,,,,0,0,,
TwoMedicine,2,5/25/2018,ANBO,147348180A,M,,70,38.4,N,,,,,,,0,0,,
TwoMedicine,1,6/3/2020,ANBO,147356550A,M,,71,38.3,N,,,,,,,0,0,,
TwoMedicine,1,6/3/2020,ANBO,147357227A,M,,70,38.3,N,,,,,,,0,0,,
TwoMedicine,1,6/3/2020,ANBO,147346146A,M,,66,38.3,N,,,,,,,0,0,,
TwoMedicine,2,5/25/2018,ANBO,147344727A,M,,68,38.2,N,,,,,,,0,0,,
TwoMedicine,2,5/25/2018,ANBO,147348555A,M,,66,38.2,N,,,,,,,0,0,,
TwoMedicine,1,6/2/2020,ANBO,147336260A,M,,73,38.1,N,,,,,,,0,0,,
TwoMedicine,1,6/2/2020,ANBO,147361567A,M,,70,38.1,N,,,,,,,0,0,,
TwoMedicine,1,6/3/2019,ANBO,147351365A,M,,75,38,Y,1,1902400202,,,,"deformed front toes, Missing",1,0,,
TwoMedicine,2,8/1/2019,ANBO,147367252A,M,,73,38,Y,0,1903900219,pos,926701.537722817,,,0,0,,
TwoMedicine,1,5/24/2018,ANBO,147362146A,M,,73,38,N,,,,,,,0,0,,
TwoMedicine,5,6/4/2019,ANBO,147347510Z,M,,69,38,Y,0,1902400228,pos,119001.352965608,,,0,0,,
TwoMedicine,5,6/5/2019,ANBO,147347510A,M,,69,38,N,,,,,,,0,0,,
TwoMedicine,3,6/10/2019,ANBO,147359732A,M,,68,38,Y,1,1903900020,,,,Missing,0,0,,
TwoMedicine,5,5/25/2018,ANBO,147344172A,M,,68,38,N,,,,,,,0,0,,
TwoMedicine,1,6/4/2021,ANBO,147347146A,M,,82,37.8,Y,0,2100400036,pos,244882.771769488,,,0,0,,
TwoMedicine,2,6/2/2020,ANBO,147355154A,M,,71,37.8,Y,0,2001800197,pos,51014.2593055087,,,0,0,,
TwoMedicine,2,5/25/2018,ANBO,147355691A,M,,70,37.8,N,,,,,,,0,0,,
TwoMedicine,2,5/25/2018,ANBO,147364493A,M,,68,37.8,N,,,,,,,0,0,,
TwoMedicine,1,6/2/2020,ANBO,147351765A,M,,75,37.7,N,,,,,,,0,0,,
TwoMedicine,1,6/2/2020,ANBO,147336364A,M,,71,37.6,N,,,,,,,0,0,,
TwoMedicine,1,6/2/2020,ANBO,147367217A,M,,66,37.6,N,,,,,,,0,0,,
TwoMedicine,1,6/1/2021,ANBO,147351737A,M,,81,37.5,Y,0,2100400025,pos,271978.044166725,,,0,0,,
TwoMedicine,1,6/1/2020,ANBO,147345673A,M,,71,37.5,Y,0,2001800122,pos,2387.85662698636,,,0,0,,
TwoMedicine,1,6/3/2020,ANBO,147364447A,M,,71,37.5,N,,,,,,,0,0,,
TwoMedicine,2,5/26/2018,ANBO,147367117A,M,,72,37.4,N,,,,,,,0,0,,
TwoMedicine,2,5/26/2018,ANBO,147353580A,M,,71,37.4,N,,,,,,,0,0,,
TwoMedicine,5,5/25/2018,ANBO,147351237A,M,,70,37.4,N,,,,,,,0,0,,
TwoMedicine,1,6/5/2020,ANBO,147348561A,M,,69,37.4,N,,,,,,,0,0,,
TwoMedicine,2,6/2/2020,ANBO,147351171A,M,,64,37.3,Y,0,2001800212,pos,100566.503121872,,,0,0,,
TwoMedicine,1,6/1/2021,ANBO,147346593A,M,,78,37.2,Y,0,2100500363,pos,661824.414233467,,,0,0,,
TwoMedicine,1,6/4/2020,ANBO,147351153A,M,,75,37.2,N,,,,,,,0,0,,
TwoMedicine,1,6/2/2020,ANBO,147354471A,M,,70,37.1,N,,,,,,,0,0,,
TwoMedicine,2,6/4/2019,ANBO,147354766A,M,,73,37,Y,1,1902400195,,,,Missing,0,0,,
TwoMedicine,2,6/4/2019,ANBO,147352656A,M,,73,37,Y,1,1902400226,,,,Missing,0,0,,
TwoMedicine,2,8/1/2019,ANBO,147348361A,M,,71,37,Y,0,1903900153,pos,1696.06926012039,,,0,0,,
TwoMedicine,2,6/5/2019,ANBO,147351580A,M,,71,37,N,,,,,,,0,0,,
TwoMedicine,2,6/4/2019,ANBO,147357463A,M,,70,37,Y,1,1902400200,,,,Missing,0,0,,
TwoMedicine,3,5/24/2018,ANBO,147351737A,M,,66,37,N,,,,,,1 swab for Leah,0,0,,
TwoMedicine,2,6/3/2020,ANBO,147364125A,M,,65,37,Y,0,2001800020,pos,92670.1537722816,,,0,0,,
TwoMedicine,2,6/5/2019,ANBO,147346794A,M,,64,37,N,,,,,,,0,0,,
TwoMedicine,1,6/2/2020,ANBO,147336146A,M,,74,36.9,N,,,,,,,0,0,,
TwoMedicine,1,5/24/2018,ANBO,147362160A,M,,72,36.9,N,,,,,,1 swab for Leah,0,0,,
TwoMedicine,5,5/25/2018,ANBO,147367511A,M,,71,36.9,N,,,,,,,0,0,,
TwoMedicine,1,6/1/2020,ANBO,147336665A,M,,83,36.8,Y,0,2001800133,pos,308520.31946595,,,0,0,,
TwoMedicine,1,6/4/2020,ANBO,147364466A,M,,73,36.8,N,,,,,,,0,0,,
TwoMedicine,2,5/25/2018,ANBO,147362680A,M,,70,36.8,N,,,,,,,0,0,,
TwoMedicine,1,5/24/2018,ANBO,147355445A,M,,75,36.7,N,,,,,,,0,0,,
TwoMedicine,5,6/3/2020,ANBO,147337154A,M,,68,36.6,Y,0,2001800062,pos,345.234975628385,,,0,0,,
TwoMedicine,3,5/24/2018,ANBO,146323495A,M,,69,36.5,Y,0,1800200186,pos,6444.67331624579,,,0,0,,
TwoMedicine,1,6/1/2021,ANBO,147339546A,M,,67,36.5,Y,0,2100400029,pos,91291.234862292,,,0,0,,
TwoMedicine,1,6/3/2020,ANBO,147345247A,M,,72,36.4,N,,,,,,,0,0,,
TwoMedicine,5,5/25/2018,ANBO,147367350A,M,,66,36.4,N,,,,,,1 swab for Leah,0,0,,
TwoMedicine,5,5/25/2018,ANBO,147349320A,M,,70,36.3,N,,,,,,,0,0,,
TwoMedicine,2,5/24/2018,ANBO,147358285A,M,,67,36.3,Y,0,1800200228,neg,0,,"Double swab, 2nd for Leah",0,0,,
TwoMedicine,1,6/2/2020,ANBO,147352470A,M,,70,36.2,N,,,,,,,0,0,,
TwoMedicine,2,6/3/2020,ANBO,147339351A,M,,61,36.2,N,,,,,,,0,0,,
TwoMedicine,1,6/3/2020,ANBO,147351212A,M,,74,36.1,N,,,,,,,0,0,,
TwoMedicine,2,5/25/2018,ANBO,147364125A,M,,69,36.1,N,,,,,,,0,0,,
TwoMedicine,1,6/3/2020,ANBO,147367130A,M,,71,36,N,,,,,,,0,0,,
TwoMedicine,2,6/4/2019,ANBO,147351580A,M,,70,36,Y,1,1902400191,,,,Missing,0,0,,
TwoMedicine,2,6/4/2019,ANBO,147352180A,M,,69,36,Y,1,1902400199,,,,Missing,0,0,,
TwoMedicine,1,6/3/2020,ANBO,147339791A,M,,69,35.9,N,,,,,,,0,0,,
TwoMedicine,1,6/3/2021,ANBO,147356273A,M,,88,35.8,Y,0,2100400008,pos,449413.085743111,,,0,0,,
TwoMedicine,1,6/2/2020,ANBO,147356653A,M,,67,35.8,N,,,,,,,0,0,,
TwoMedicine,2,5/25/2018,ANBO,147367356A,M,,66,35.8,N,,,,,,,0,0,,
TwoMedicine,2,5/24/2018,ANBO,147339471A,M,,70,35.7,Y,0,1800200227,pos,12270.7031145318,,"Double swab, 2nd for Leah",0,0,,
TwoMedicine,2,5/25/2018,ANBO,147355686A,M,,70,35.7,N,,,,,,1 swab for Leah; missing LR foot,1,0,,
TwoMedicine,1,6/2/2021,ANBO,147367212A,M,,80,35.4,N,,,,,,RECAP,0,0,,
TwoMedicine,1,6/1/2020,ANBO,147337255A,M,,75,35.4,Y,0,2001800123,pos,25860.3188902206,,,0,0,,
TwoMedicine,1,5/24/2018,ANBO,147352764A,M,,74,35.4,N,,,,,,Shedding skin,0,0,,
TwoMedicine,1,6/1/2021,ANBO,147367212A,M,,79,35.2,Y,0,2100400026,pos,19410.6822851268,,,0,0,,
TwoMedicine,5,6/5/2020,ANBO,147358214A,M,,66,35.2,Y,0,2001900318,neg,0,,,0,0,,
TwoMedicine,1,6/4/2020,ANBO,147345594A,M,,67,35.1,N,,,,,,,0,0,,
TwoMedicine,2,5/25/2018,ANBO,147362380A,M,,68,35,N,,,,,,,0,0,,
TwoMedicine,2,8/1/2019,ANBO,147345494A,M,,65,35,Y,0,1903900160,neg,0,,,0,0,,
TwoMedicine,1,6/3/2020,ANBO,147349243A,M,,71,34.9,N,,,,,,,0,0,,
TwoMedicine,2,6/1/2021,ANBO,147352145A,M,,73,34.8,Y,0,2100500371,pos,208931.017872112,,,0,0,,
TwoMedicine,2,5/25/2018,ANBO,147358331A,,,69,34.8,N,,,,,,,0,0,,
TwoMedicine,1,6/1/2020,ANBO,147339113A,M,,77,34.6,Y,0,2001800131,pos,61738.5376143843,,,0,0,,
TwoMedicine,1,6/1/2020,ANBO,147362383A,M,,75,34.5,Y,0,2001800113,pos,85626.8958669204,,,0,0,,
TwoMedicine,1,6/1/2020,ANBO,147357680A,M,,74,34.5,Y,0,2001800118,neg,0,,,0,0,,
TwoMedicine,5,5/25/2018,ANBO,147362147A,M,,67,34.5,Y,0,1800200247,neg,0,,"Double swab, 2nd for Leah",0,0,,
TwoMedicine,1,6/1/2021,ANBO,147345494A,M,,79,34.4,Y,0,2100400003,pos,10663.6201381973,,,0,0,,
TwoMedicine,5,5/25/2018,ANBO,147338712A,M,,64,34.4,N,,,,,,,0,0,,
TwoMedicine,2,5/25/2018,ANBO,146268480A,M,,66,34.3,N,,,,,,,0,0,,
TwoMedicine,5,5/25/2018,ANBO,147345165A,M,,66,34.3,N,,,,,,,0,0,,
TwoMedicine,2,6/2/2020,ANBO,147336152A,M,,68,34.2,Y,0,2001800213,pos,1442143.71974951,,,0,0,,
TwoMedicine,2,6/5/2019,ANBO,147348361A,M,,69,34,N,,,,,,,0,0,,
TwoMedicine,2,8/18/2020,ANBO,147352570A,M ,,68,34,Y,0,2002900041,neg,0,,,0,0,,
TwoMedicine,2,6/4/2019,ANBO,147336152A,M,,68,34,Y,1,1902400201,,,,"SHEDDING SKIN, Missing",0,0,,
TwoMedicine,2,5/25/2018,ANBO,147339377A,M,,66,34,N,,,,,,,0,0,,
TwoMedicine,5,6/5/2019,ANBO,147352215A,M,,58,34,Y,0,1902400248,pos,916028.127701559,,,0,0,,
TwoMedicine,1,6/4/2021,ANBO,147352611A,M,,80,33.9,Y,0,2100500372,pos,114000.650548252,,,0,0,,
TwoMedicine,2,5/26/2018,ANBO,147359616A,M,,67,33.9,N,,,,,,,0,0,,
TwoMedicine,2,5/26/2018,ANBO,147361535A,M,,71,33.6,N,,,,,,,0,0,,
TwoMedicine,1,5/24/2018,ANBO,146263530A,M,,71,33.5,N,,,,,,,0,0,,
TwoMedicine,5,5/25/2018,ANBO,147344461A,M,,66,33.4,N,,,,,,1 swab for Leah,0,0,,
TwoMedicine,2,5/26/2018,ANBO,147359535A,M,,72,33.3,N,,,,,,,0,0,,
TwoMedicine,2,5/25/2018,ANBO,147339243A,M,,68,33.3,N,,,,,,,0,0,,
TwoMedicine,1,6/2/2020,ANBO,147354790A,M,,67,33.3,Y,0,2001800199,pos,175724.676056968,,,0,0,,
TwoMedicine,1,6/2/2021,ANBO,147355347A,M,,72,33.2,Y,0,2100500342,pos,1548056.75870007,,,0,0,,
TwoMedicine,1,6/2/2020,ANBO,146246572A,M,,71,33,N,,,,,,,0,0,,
TwoMedicine,5,6/5/2019,ANBO,147346380A,M,,65,33,Y,0,1902400244,pos,19134.8888842972,,,0,0,,
TwoMedicine,2,5/25/2018,ANBO,147339537A,M,,64,33,N,,,,,,,0,0,,
TwoMedicine,2,6/1/2021,ANBO,147352570A,M,,72,32.8,Y,0,2100500365,pos,40299.014564921,,,0,0,,
TwoMedicine,1,6/2/2021,ANBO,147353751A,M,,81,32.7,N,,,,,,RECAP,0,0,,
TwoMedicine,1,6/4/2021,ANBO,147349474A,M,,91,32.6,N,,,,,,RECAP,0,0,,
TwoMedicine,2,5/25/2018,ANBO,147349162A,M,,65,32.6,N,,,,,,,0,0,,
TwoMedicine,1,6/2/2020,ANBO,147352611A,M,,72,32.4,N,,,,,,,0,0,,
TwoMedicine,2,5/25/2018,ANBO,147346173A,M,,65,32.3,N,,,,,,,0,0,,
TwoMedicine,1,6/3/2020,ANBO,147345354A,M,,70,32,N,,,,,,,0,0,,
TwoMedicine,5,8/18/2020,ANBO,147355395A,M ,,68,32,Y,1,2002900066,,,,"myiasis on rear right foot with 2 maggots; holes on top and bottom of foot, Missing",1,0,,
TwoMedicine,3,6/3/2020,ANBO,147338274A,M,,67,32,Y,0,2001800217,pos,43317.626697086,,no other toads seen ,0,0,,
TwoMedicine,5,5/25/2018,ANBO,147353383A,M,,66,32,Y,0,1800200246,pos,9967.95473332127,,"Double swab, 2nd for Leah",0,0,,
TwoMedicine,5,6/5/2019,ANBO,147351461A,M,,65,32,Y,0,1902400238,pos,1037688.11898982,,,0,0,,
TwoMedicine,2,6/5/2019,ANBO,147362792A,M,,64,32,N,,,,,,,0,0,,
TwoMedicine,2,6/4/2019,ANBO,147351095A,F,,59,32,N,,,,,,,0,0,,
TwoMedicine,1,6/3/2021,ANBO,147351516A,F,,72,31.9,Y,0,2100400107,pos,13637.6960932912,,,0,0,,
TwoMedicine,5,6/4/2020,ANBO,147357286A,M,,70,31.9,Y,0,2001800055,neg,0,,,0,0,,
TwoMedicine,1,6/1/2021,ANBO,147353751A,M,,70,31.9,Y,0,2100500375,pos,895048.689089036,,,0,0,,
TwoMedicine,1,6/3/2020,ANBO,147364577A,M,,69,31.9,N,,,,,,,0,0,,
TwoMedicine,2,5/25/2018,ANBO,147339750A,M,,65,31.9,N,,,,,,,0,0,,
TwoMedicine,1,6/2/2021,ANBO,151134496A,M,,76,31.8,N,,,,,,RECAP,0,0,,
TwoMedicine,1,6/3/2020,ANBO,147351157A,M,,69,31.8,N,,,,,,,0,0,,
TwoMedicine,5,5/25/2018,ANBO,147347325A,M,,67,31.7,N,,,,,,,0,0,,
TwoMedicine,1,6/1/2021,ANBO,151134496A,M,,75,31.6,Y,0,2100400001,pos,36832.3657320588,,SLOUGHING SKIN,0,0,,
TwoMedicine,1,6/1/2020,ANBO,147353674A,M,,73,31.6,Y,0,2001800124,neg,0,,,0,0,,
TwoMedicine,1,6/4/2020,ANBO,147344727A,M,,70,31.5,N,,,,,,,0,0,,
TwoMedicine,5,6/2/2021,ANBO,147338354A,M,,73,31.3,Y,0,2100400110,pos,419236.675194031,,,0,0,,
TwoMedicine,2,5/24/2018,ANBO,147337296A,M,,62,31.1,Y,0,1800200230,pos,1618.16700054545,,"Double swab, 2nd for Leah",0,0,,
TwoMedicine,5,6/5/2019,ANBO,147349194A,M,,59,31,Y,0,1902400234,neg,0,,,0,0,,
TwoMedicine,2,5/26/2018,ANBO,146322673A,M,,69,30.7,N,,,,,,,0,0,,
TwoMedicine,1,5/24/2018,ANBO,147345247A,M,,68,30.7,N,,,,,,,0,0,,
TwoMedicine,2,5/25/2018,ANBO,147364447A,M,,64,30.5,N,,,,,,,0,0,,
TwoMedicine,5,6/5/2020,ANBO,147348115A,M,,62,30.5,Y,0,2001900316,pos,7794.16714551761,,,0,0,,
TwoMedicine,3,5/24/2018,ANBO,147336734A,M,,64,30.3,N,,,,,,,0,0,,
TwoMedicine,2,8/18/2020,ANBO,147336173A,M ,,66,30.1,Y,0,2002900045,neg,0,,,0,0,,
TwoMedicine,5,8/1/2019,ANBO,147357544A,M,,76,30,Y,0,1903900220,neg,0,,Lesion near cloaca. No maggots.,1,0,,
TwoMedicine,2,5/24/2018,ANBO,147346570A,M,,64,30,Y,0,1800200223,pos,45932.065056113,,"Double swab, 2nd for Leah",0,0,,
TwoMedicine,2,5/25/2018,ANBO,147354647A,M,,64,29.8,N,,,,,,,0,0,,
TwoMedicine,5,6/3/2020,ANBO,147336113A,M,,63,29.7,Y,0,2001800052,pos,141007.541301231,,,0,0,,
TwoMedicine,2,5/25/2018,ANBO,147362462A,M,,62,29.7,N,,,,,,,0,0,,
TwoMedicine,2,6/2/2020,ANBO,147356317A,M,,62,29.6,Y,0,2001800205,pos,3051747.82455059,,,0,0,,
TwoMedicine,2,5/25/2018,ANBO,147357452A,,,62,29.6,N,,,,,,,0,0,,
TwoMedicine,1,6/1/2020,ANBO,147356621A,M,,77,29.5,Y,0,2001800127,pos,143821.813575155,,shedding skin ,0,0,,
TwoMedicine,1,6/1/2020,ANBO,147353390A,M,,72,29.5,Y,0,2001800119,pos,1890.16155165519,,,0,0,,
TwoMedicine,1,5/24/2018,ANBO,147345443A,M,,69,29.4,N,,,,,,,0,0,,
TwoMedicine,2,8/18/2020,ANBO,147362565A,M ,,67,29.4,Y,0,2002900020,neg,0,,myiasis-like wound on right side and on left rear leg with maggots,1,0,,
TwoMedicine,1,6/3/2020,ANBO,151134496A,M,,64,29.3,N,,,,,,,0,0,,
TwoMedicine,2,8/1/2019,ANBO,147352251A,M,,68,29,Y,0,1903900154,neg,0,,,0,0,,
TwoMedicine,5,8/1/2019,ANBO,147355574A,M,,67,29,Y,0,1903900221,neg,0,,Open sores on left side.,1,0,,
TwoMedicine,2,6/4/2019,ANBO,147364351A,M,,67,29,Y,1,1902400192,,,,Missing,0,0,,
TwoMedicine,2,5/25/2018,ANBO,147355297A,M,,66,29,N,,,,,,,0,0,,
TwoMedicine,1,6/1/2020,ANBO,147358286A,M,,76,28.9,Y,0,2001800109,pos,28140.4555484299,,,0,0,,
TwoMedicine,1,5/24/2018,ANBO,147356321A,M,,67,28.3,Y,0,1800200232,neg,0,,"Double swab, 2nd for Leah",0,0,,
TwoMedicine,2,8/1/2019,ANBO,147339790A,M,,68,28,Y,0,1903900218,neg,0,,,0,0,,
TwoMedicine,2,6/5/2019,ANBO,147361191A,M,,67,28,N,,,,,,,0,0,,
TwoMedicine,2,5/25/2018,ANBO,147344594A,M,,62,27.3,N,,,,,,,0,0,,
TwoMedicine,2,5/25/2018,ANBO,147354766A,M,,59,27.1,N,,,,,,,0,0,,
TwoMedicine,1,6/1/2020,ANBO,147352234A,M,,69,27,Y,0,2001800130,pos,21093.3790828529,,,0,0,,
TwoMedicine,2,6/4/2019,ANBO,147361191A,M,,65,27,Y,1,1902400194,,,,Missing,0,0,,
TwoMedicine,2,5/25/2018,ANBO,147351144A,M,,60,27,N,,,,,,,0,0,,
TwoMedicine,5,6/5/2019,ANBO,147357451A,M,,58,27,Y,0,1902400232,pos,11651.385915395,,,0,0,,
TwoMedicine,2,8/1/2019,ANBO,147339662A,M,,56,27,Y,0,1903900159,pos,344.999798913227,,,0,0,,
TwoMedicine,1,6/3/2020,ANBO,147345357A,M,,67,26.8,N,,,,,,,0,0,,
TwoMedicine,1,6/1/2020,ANBO,147346593A,M,,71,26.3,Y,0,2001800110,pos,11517.1895057327,,,0,0,,
TwoMedicine,1,6/1/2020,ANBO,147345567A,M,,67,26.3,Y,0,2001800126,pos,1943.71547434255,,,0,0,,
TwoMedicine,3,5/24/2018,ANBO,147351794A,M,,59,25.8,Y,0,1800200180,pos,246557.199073626,,,0,0,,
TwoMedicine,5,6/5/2019,ANBO,147362192A,U,,60,25,Y,0,1902400239,pos,5299.8616891062,,,0,0,,
TwoMedicine,1,6/2/2020,ANBO,147364547A,M,,74,24.4,N,,,,,,,0,0,,
TwoMedicine,1,6/1/2020,ANBO,147357311A,M,,72,24.3,Y,0,2001800120,pos,62585.7194732587,,,0,0,,
TwoMedicine,3,6/4/2021,ANBO,147355766A,M,,67,24.2,N,,,,,,RECAP- MISSING EYE,1,0,,
TwoMedicine,3,6/2/2021,ANBO,147355766A,M,,63,23.8,Y,0,2100400118,pos,46689.4399357811,,"MISSING RIGHT EYE, MISSING/TORN SKIN ON HEAD",1,0,,
TwoMedicine,2,8/18/2020,ANBO,147338470A,M ,,59,23.4,Y,0,2002900039,neg,0,,,0,0,,
TwoMedicine,2,6/4/2019,ANBO,147344756A,U,,57,23,N,,,,,,,0,0,,
TwoMedicine,5,5/25/2018,ANBO,147362565A,M,,59,22.4,N,,,,,,,0,0,,
TwoMedicine,5,5/25/2018,ANBO,147356350A,M,,62,22.1,N,,,,,,,0,0,,
TwoMedicine,5,6/5/2019,ANBO,147356543A,U,,55,22,Y,0,1902400245,pos,19623.4756079208,,"During Primary Period 1, we captured 106 individuals. Of those 16 were caught on more than one day.",0,0,,
TwoMedicine,2,6/5/2019,ANBO,147344756A,U,,56,20,N,,,,,,,0,0,,
TwoMedicine,1,5/24/2018,ANBO,147357227A,M,,58,19.8,N,,,,,,,0,0,,
TwoMedicine,2,8/18/2020,ANBO,147339643A,M ,,60,19.3,Y,0,2002900046,neg,0,,myiasis on left side and on right shoulder with >10 large maggots,1,0,,
TwoMedicine,3,6/10/2019,ANBO,147349537A,M,,54,19,Y,1,1903900010,,,,Missing,0,0,,
TwoMedicine,2,6/2/2020,ANBO,147351351A,U,,47,18.1,Y,0,2001800214,pos,347.595578072397,,juvenile,0,0,,
TwoMedicine,2,6/4/2020,ANBO,147367262A,U,,51,14.7,N,,,,,,juvenile,0,0,,
TwoMedicine,2,6/3/2020,ANBO,147349167A,M,,,,N,,,,,,caught at 47-1 on 6/2/20,0,0,,
TwoMedicine,1,6/2/2020,ANBO,146219262A,M,,,,N,,,,,,caught on 6/1/20,0,0,,
TwoMedicine,1,6/3/2020,ANBO,146219262A,M,,,,N,,,,,,caught on 6/1/20,0,0,,
TwoMedicine,1,6/4/2020,ANBO,146219262A,M,,,,N,,,,,,caught on 6/1/20,0,0,,
TwoMedicine,3,6/3/2020,ANBO,147337234A,M,,,,N,,,,,,caught on 6/1/20,0,0,,
TwoMedicine,3,6/4/2020,ANBO,147337234A,M,,,,N,,,,,,caught on 6/1/20,0,0,,
TwoMedicine,2,6/4/2020,ANBO,147345447A,M,,,,N,,,,,,caught on 6/1/20,0,0,,
TwoMedicine,1,6/3/2020,ANBO,147345567A,M,,,,N,,,,,,caught on 6/1/20,0,0,,
TwoMedicine,1,6/2/2020,ANBO,147352234A,M,,,,N,,,,,,caught on 6/1/20,0,0,,
TwoMedicine,1,6/4/2020,ANBO,147356621A,M,,,,N,,,,,,caught on 6/1/20,0,0,,
TwoMedicine,1,6/3/2020,ANBO,147357680A,M,,,,N,,,,,,caught on 6/1/20,0,0,,
TwoMedicine,2,6/5/2020,ANBO,147336152A,M,,,,N,,,,,,caught on 6/2/20,0,0,,
TwoMedicine,1,6/3/2020,ANBO,147336155A,M,,,,N,,,,,,caught on 6/2/20,0,0,,
TwoMedicine,1,6/4/2020,ANBO,147336354A,M,,,,N,,,,,,caught on 6/2/20,0,0,,
TwoMedicine,1,6/3/2020,ANBO,147336364A,M,,,,N,,,,,,caught on 6/2/20,0,0,,
TwoMedicine,1,6/3/2020,ANBO,147338171A,M,,,,N,,,,,,caught on 6/2/20,0,0,,
TwoMedicine,1,6/3/2020,ANBO,147338631A,M,,,,N,,,,,,caught on 6/2/20,0,0,,
TwoMedicine,1,6/3/2020,ANBO,147346553A,M,,,,N,,,,,,caught on 6/2/20,0,0,,
TwoMedicine,2,6/4/2020,ANBO,147349167A,M,,,,N,,,,,,caught on 6/2/20,0,0,,
TwoMedicine,2,6/3/2020,ANBO,147351171A,M,,,,N,,,,,,caught on 6/2/20,0,0,,
TwoMedicine,1,6/3/2020,ANBO,147352611A,M,,,,N,,,,,,caught on 6/2/20,0,0,,
TwoMedicine,1,6/5/2020,ANBO,147352611A,M,,,,N,,,,,,caught on 6/2/20,0,0,,
TwoMedicine,1,6/3/2020,ANBO,147354790A,M,,,,N,,,,,,caught on 6/2/20,0,0,,
TwoMedicine,2,6/3/2020,ANBO,147355154A,M,,,,N,,,,,,caught on 6/2/20,0,0,,
TwoMedicine,1,6/3/2020,ANBO,147355445A,M,,,,N,,,,,,caught on 6/2/20,0,0,,
TwoMedicine,1,6/5/2020,ANBO,147362194A,M,,,,N,,,,,,caught on 6/2/20,0,0,,
TwoMedicine,1,6/3/2020,ANBO,147362216A,M,,,,N,,,,,,caught on 6/2/20,0,0,,
TwoMedicine,1,6/3/2020,ANBO,147364277A,M,,,,N,,,,,,caught on 6/2/20,0,0,,
TwoMedicine,1,6/3/2020,ANBO,147364547A,M,,,,N,,,,,,caught on 6/2/20,0,0,,
TwoMedicine,2,6/3/2020,ANBO,147367156A,M,,,,N,,,,,,caught on 6/2/20,0,0,,
TwoMedicine,1,6/3/2020,ANBO,147367217A,M,,,,N,,,,,,caught on 6/2/20,0,0,,
TwoMedicine,1,6/3/2020,ANBO,147367513A,M,,,,N,,,,,,caught on 6/2/20,0,0,,
TwoMedicine,1,6/3/2020,ANBO,152429106A,M,,,,N,,,,,,caught on 6/2/20,0,0,,
TwoMedicine,1,6/3/2020,ANBO,4616574D63,M,,,,N,,,,,,caught on 6/2/20,0,0,,
TwoMedicine,5,6/5/2020,ANBO,147345660A,M,,,,N,,,,,,"caught on 6/2/20, no nematodes",0,0,,
TwoMedicine,5,6/4/2020,ANBO,147355240A,F,,,,N,,,,,,"caught on 6/2/20, same eye and lesion, found on dam",1,0,,
TwoMedicine,1,6/5/2020,ANBO,146161335A,M,,,,N,,,,,,caught on 6/3/20,0,0,,
TwoMedicine,5,6/5/2020,ANBO,147336113A,M,,,,N,,,,,,caught on 6/3/20,0,0,,
TwoMedicine,2,6/4/2020,ANBO,147345135A,M,,,,N,,,,,,caught on 6/3/20,0,0,,
TwoMedicine,2,6/5/2020,ANBO,147346271A,M,,,,N,,,,,,caught on 6/3/20,0,0,,
TwoMedicine,1,6/4/2020,ANBO,147352744A,M,,,,N,,,,,,caught on 6/3/20,0,0,,
TwoMedicine,1,6/4/2020,ANBO,147353622A,M,,,,N,,,,,,caught on 6/3/20,0,0,,
TwoMedicine,1,6/5/2020,ANBO,147355767A,M,,,,N,,,,,,caught on 6/3/20,0,0,,
TwoMedicine,1,6/4/2020,ANBO,147356097A,M,,,,N,,,,,,caught on 6/3/20,0,0,,
TwoMedicine,1,6/4/2020,ANBO,147356250A,M,,,,N,,,,,,caught on 6/3/20,0,0,,
TwoMedicine,2,6/5/2020,ANBO,147362183A,M,,,,N,,,,,,caught on 6/3/20,0,0,,
TwoMedicine,2,6/4/2020,ANBO,147364125A,M,,,,N,,,,,,caught on 6/3/20,0,0,,
TwoMedicine,1,6/1/2021,ANBO,147359093A,M,,,,N,,,,,,"IN AMPLEXUS (1 MALE, 1 FEMALE)",0,0,,
TwoMedicine,5,6/5/2020,ANBO,147355240A,F,,,,N,,,,,,"not caught, seen on dam in same place as 6/4/20",0,0,,
TwoMedicine,5,6/2/2021,ANBO,147362225A,M,,,,N,,,,,,PAIR IN AMPLEXUS,0,0,,
TwoMedicine,5,6/3/2021,ANBO,147362225A,M,,,,N,,,,,,PAIR IN AMPLEXUS,0,0,,