Site,SubSite,CaptureDate,Species,IndividualID,Sex,SVLmm,Age,MassG,BdSample,SwabLost,SwabID,BdResult,TargetCopies/swab,HgSampleID,Notes,potential_injury_effect,flagged,reason,dead
LilyPond,1,6/1/2018,BCF,xxx4,M,24.3,A,,Y,1,1701400201,,,18ARMI1672,Collected for whole body mercury (euthanized),0,0,,1
LilyPond,1,6/1/2018,BCF,xxx3,M,24.7,A,,Y,1,1701400149,,,18ARMI1675,Collected for whole body mercury (euthanized),0,0,,1
LilyPond,1,6/1/2018,BCF,xxx7,M,28.5,A,,Y,1,1701400205,,,18ARMI1673,Collected for whole body mercury (euthanized),0,0,,1
LilyPond,1,6/1/2018,BCF,xx10,M,28.9,A,,N,,,,,18ARMI1669,Collected for whole body mercury (euthanized),0,0,,1
LilyPond,1,6/1/2018,BCF,xxx6,M,29,A,,Y,1,1701400204,,,18ARMI1670,Collected for whole body mercury (euthanized),0,0,,1
LilyPond,1,6/1/2018,BCF,xxx9,M,29.3,A,,Y,1,1701400198,,,18ARMI1668,Collected for whole body mercury (euthanized),0,0,,1
LilyPond,1,6/1/2018,BCF,xxx5,M,29.3,A,,Y,1,1701400202,,,18ARMI1674,Collected for whole body mercury (euthanized),0,0,,1
LilyPond,1,6/1/2018,BCF,xxx8,M,31,A,,Y,1,1701400197,,,18ARMI1671,Collected for whole body mercury (euthanized),0,0,,1
LilyPond,1,6/1/2018,BCF,xxx2,M,,A,,Y,1,1701400148,,,18ARMI1667,Collected for whole body mercury (euthanized),0,0,,1
LilyPond,1,6/1/2018,BCF,xxx1,M,,A,,Y,1,1701400171,,,18ARMI1666,Collected for whole body mercury (euthanized),0,0,,1
LilyPond,1,5/28/2018,BCF,3515,M,22.9,A,0.75,Y,0,1701400014,pos,15406.8999025633,18ARMI0993,,0,0,,
LilyPond,1,5/28/2018,BCF,3525,M,24.4,A,0.75,Y,0,1701400001,pos,89.8103499317021,18ARMI1337,,0,0,,
LilyPond,1,5/28/2018,BCF,3521,M,24,A,1,Y,0,1701400005,pos,19.5567282964569,18ARMI1025,,0,0,,
LilyPond,1,5/28/2018,BCF,3524,M,25,A,1,Y,0,1701400019,pos,708.013262538076,18ARMI1010,,0,0,,
LilyPond,1,5/28/2018,BCF,3505,M,26.1,A,1,Y,0,1701400018,pos,513.280889951392,18ARMI0981,,0,0,,
LilyPond,1,5/28/2018,BCF,3522,M,27.5,A,1,Y,0,1701400008,pos,479.469008281513,18ARMI1006,,0,0,,
LilyPond,1,5/28/2018,BCF,3530,M,28.1,A,1,Y,0,1701400015,neg,0,18ARMI0998,,0,0,,
LilyPond,1,5/28/2018,BCF,3523,M,29.2,A,1.5,Y,0,1701400004,neg,0,18ARMI1126,,0,0,,
LilyPond,1,5/28/2018,BCF,3512,M,29.5,A,1.5,Y,0,1701400016,neg,0,,,0,0,,
LilyPond,1,5/28/2018,BCF,3520,M,30.3,A,1.5,Y,0,1701400013,neg,0,18ARMI0995,,0,0,,
LilyPond,1,5/28/2018,BCF,3514,M,30.5,A,1.5,Y,0,1701400017,pos,200.01492566509,18ARMI1014,,0,0,,
LilyPond,1,5/28/2018,BCF,3504,M,31.8,A,2,Y,0,1701400006,neg,0,18ARMIxxxx,can't read no. on copied datasheet. NWCH has orignals so could probably find,0,0,,
LilyPond,1,5/28/2018,BCF,3513,M,33.7,A,2.5,Y,0,1701400009,neg,0,18ARMI1133,,0,0,,
LilyPond,1,5/28/2018,BCF,3242,M,,A,,Y,0,1701400002,neg,0,,,0,0,,
LilyPond,1,5/28/2018,BCF,313,M,,A,,Y,0,1701400003,neg,0,,,0,0,,
LilyPond,1,5/28/2018,BCF,2854,M,,A,,Y,0,1701400007,neg,0,,,0,0,,
LilyPond,1,5/28/2018,BCF,3510,M,,A,,Y,0,1701400010,neg,0,18ARMI0981,,0,0,,
LilyPond,1,5/28/2018,BCF,3220,M,,A,,Y,0,1701400011,neg,0,,,0,0,,
LilyPond,1,5/28/2018,BCF,3511,M,,A,,Y,0,1701400012,neg,0,18ARMI0997,,0,0,,
LilyPond,1,5/28/2018,BCF,2615,M,,A,,Y,0,1701400020,neg,0,,,0,0,,
MatthewsPond,1,5/24/2019,BCF,2611,M,,A,,Y,0,1701400021,neg,0,,,0,0,,
MatthewsPond,1,5/24/2019,BCF,2613,M,,A,,Y,0,1701400022,neg,0,,,0,0,,
MatthewsPond,1,5/24/2019,BCF,2612,M,,A,,Y,0,1701400023,neg,0,,,0,0,,
MatthewsPond,1,5/24/2019,BCF,2614m,M,,A,,Y,0,1701400024,neg,0,18ARMI0991,,0,0,,
MatthewsPond,1,5/24/2019,BCF,2614f,F,,A,,Y,0,1701400025,pos,410.753149117253,18ARMI1131,,0,0,,
MatthewsPond,1,5/24/2019,BCF,2454,M,,A,,Y,0,1701400026,neg,0,,,0,0,,
MatthewsPond,1,5/24/2019,BCF,2452,M,,A,,Y,0,1701400027,neg,0,,,0,0,,
MatthewsPond,1,5/24/2019,BCF,2605,M,,A,,Y,0,1701400028,neg,0,,,0,0,,
MatthewsPond,1,5/24/2019,BCF,2610,M,,A,,Y,0,1701400029,neg,0,,,0,0,,
MatthewsPond,1,5/24/2019,BCF,2615,M,,A,,Y,0,1701400030,neg,0,,,0,0,,
MatthewsPond,1,5/26/2019,BCF,2040,M,,A,,Y,0,1701400031,neg,0,,,0,0,,
MatthewsPond,1,5/26/2019,BCF,1840,M,,A,,Y,0,1701400032,neg,0,,,0,0,,
MatthewsPond,1,5/26/2019,BCF,1825,M,,A,,Y,0,1701400033,neg,0,,,0,0,,
MatthewsPond,1,5/24/2019,BCF,2620,M,,A,,Y,0,1701400034,pos,186966.499104429,,,0,0,,
MatthewsPond,1,5/24/2019,BCF,2044,M,,A,,Y,0,1701400035,neg,0,,,0,0,,
MatthewsPond,1,5/26/2019,BCF,2051,M,,A,,Y,0,1701400036,neg,0,,,0,0,,
MatthewsPond,1,5/26/2019,BCF,2050,M,,A,,Y,0,1701400037,neg,0,,,0,0,,
MatthewsPond,1,5/26/2019,BCF,2623,M,,A,,Y,0,1701400038,pos,142.747779007793,,,0,0,,
MatthewsPond,1,5/26/2019,BCF,2622,M,,A,,Y,0,1701400039,neg,0,,,0,0,,
MatthewsPond,1,5/26/2019,BCF,2620,M,,A,,Y,0,1701400040,pos,5285.43521277569,,,0,0,,
MatthewsPond,1,5/29/2019,BCF,2420,M,,A,,Y,0,1701400041,neg,0,,,0,0,,
MatthewsPond,1,5/29/2019,BCF,2633m,M,,A,,Y,0,1701400042,pos,93.877788233652,18ARMI1019,,0,0,,
MatthewsPond,1,5/29/2019,BCF,2635f,F,,A,,Y,0,1701400043,pos,263.225803573175,18ARMI1018,"only 3 toes in vial, dropped one",0,0,,
MatthewsPond,1,5/29/2019,BCF,2634f,F,,A,,Y,0,1701400044,neg,0,18ARMI1338,"only no. 4 toe, other 3 toes from this animal in 18ARMI1028 vial",0,0,,
MatthewsPond,1,5/29/2019,BCF,2634m,M,,A,,Y,0,1701400045,neg,0,18ARMI1002,"only no. 4 toe, other 3 toes from this animal in 18ARMI1343 vial",0,0,,
LilyPond,1,6/1/2018,BCF,3543,M,,A,,Y,1,1701400146,,,18ARMI1011,Missing,0,0,,
LilyPond,1,6/1/2018,BCF,2830,M,,A,,Y,1,1701400147,,,,Missing. All “missing swabs” converted to N and swab ID removed as per other data sets,0,0,,
LilyPond,1,6/1/2018,BCF,3434,M,,A,,Y,1,1701400150,,,18ARMI0982,Missing,0,0,,
LilyPond,1,6/1/2018,BCF,3425,M,,A,,Y,1,1701400196,,,,Missing,0,0,,
LilyPond,1,6/1/2018,BCF,3501,M,,A,,Y,1,1701400199,,,,Missing,0,0,,
LilyPond,1,6/1/2018,BCF,3503,M,,A,,Y,1,1701400203,,,,Missing,0,0,,
MatthewsPond,1,5/21/2018,BCF,1932,M,,A,,Y,0,1800700126,pos,51.7142816367384,,,0,0,,
MatthewsPond,1,5/21/2018,BCF,2013,M,,A,,Y,0,1800700127,pos,210.79010111125,,,0,0,,
MatthewsPond,1,5/21/2018,BCF,2035,M,,A,,Y,0,1800700128,pos,804.235445526334,18ARMI1150,,0,0,,
MatthewsPond,1,5/21/2018,BCF,2032f,F,,A,,Y,0,1800700129,pos,178622.204291782,18ARMI1341,,0,0,,
MatthewsPond,1,5/21/2018,BCF,2034,M,,A,,Y,0,1800700130,pos,1411036.62198924,18ARMI1140,,0,0,,
MatthewsPond,1,5/21/2018,BCF,2024,M,,A,,Y,0,1800700131,pos,149.518061221169,,,0,0,,
MatthewsPond,1,5/21/2018,BCF,2044,M,,A,,Y,0,1800700132,pos,1227906.77097003,,,0,0,,
MatthewsPond,1,5/21/2018,BCF,2042,M,,A,,Y,0,1800700134,pos,1973.07454728371,18ARMI1122,,0,0,,
MatthewsPond,1,5/21/2018,BCF,2043,M,,A,,Y,0,1800700135,pos,98.0625910092406,18ARMI1007,,0,0,,
MatthewsPond,1,5/21/2018,BCF,2045,M,,A,,Y,0,1800700136,neg,0,18ARMI1004,,0,0,,
MatthewsPond,1,5/21/2018,BCF,2051,M,,A,,Y,0,1800700137,neg,0,18ARMI0973,,0,0,,
MatthewsPond,1,5/21/2018,BCF,2052,M,,A,,Y,0,1800700138,pos,858021.236417154,18ARMI1000,,0,0,,
MatthewsPond,1,5/21/2018,BCF,2053,M,,A,,Y,0,1800700139,neg,0,18ARMI1145,,0,0,,
MatthewsPond,1,5/21/2018,BCF,2054,M,,A,,Y,0,1800700140,pos,15984.399319393,18ARMI0996,,0,0,,
MatthewsPond,1,5/21/2018,BCF,2041,M,,A,,Y,0,1800700141,neg,0,18ARMI0983,,0,0,,
MatthewsPond,1,5/21/2018,BCF,2032m,M,,A,,Y,0,1800700142,pos,5842.3120390705,18ARMI1015,,0,0,,
MatthewsPond,1,5/21/2018,BCF,2033,M,,A,,Y,0,1800700143,pos,134.806220880978,18ARMI1037,,0,0,,
MatthewsPond,1,5/21/2018,BCF,2050,M,,A,,Y,0,1800700144,pos,627.565457844819,18ARMI1008,,0,0,,
MatthewsPond,1,5/21/2018,BCF,2040,M,,A,,Y,0,1800700145,pos,19.5167889355622,18ARMI0994,,0,0,,
MatthewsPond,1,5/23/2018,BCF,2442,M,,A,,Y,0,1800700151,pos,314.249287829883,18ARMI0975,,0,0,,
MatthewsPond,1,5/23/2018,BCF,1932,M,,A,,Y,0,1800700152,pos,79.3349037485523,,,0,0,,
MatthewsPond,1,5/23/2018,BCF,2441,M,,A,,Y,0,1800700153,neg,0,18ARMI0999,,0,0,,
MatthewsPond,1,5/23/2018,BCF,2440,M,,A,,Y,0,1800700154,pos,164.709225297004,18ARMI1024,,0,0,,
MatthewsPond,1,5/21/2018,BCF,2055,M,,A,,Y,0,1800700156,pos,99.3404972115441,,,0,0,,
MatthewsPond,1,5/23/2018,BCF,2434,F,,A,,Y,0,1800700156,pos,99.3404972115441,18ARMI1147,,0,0,,
MatthewsPond,1,5/23/2018,BCF,1931,M,,A,,Y,0,1800700157,neg,0,,,0,0,,
MatthewsPond,1,5/23/2018,BCF,2424,M,,A,,Y,0,1800700159,pos,98.8004141350448,18ARMI0989,,0,0,,
MatthewsPond,1,5/23/2018,BCF,2414,M,,A,,Y,0,1800700160,neg,0,18ARMI1134,,0,0,,
MatthewsPond,1,5/23/2018,BCF,2405,M,,A,,Y,0,1800700161,neg,0,,,0,0,,
MatthewsPond,1,5/23/2018,BCF,2454,M,,A,,Y,0,1800700162,pos,260.726528711824,18ARMI1026,,0,0,,
MatthewsPond,1,5/23/2018,BCF,2445,M,,A,,Y,0,1800700163,pos,128.614428211709,18ARMI1035,,0,0,,
MatthewsPond,1,5/23/2018,BCF,2443,M,,A,,Y,0,1800700164,pos,141.296100607759,18ARMI1135,,0,0,,
MatthewsPond,1,5/23/2018,BCF,1920,M,,A,,Y,0,1800700165,neg,0,,,0,0,,
MatthewsPond,1,5/23/2018,BCF,2412,M,,A,,Y,0,1800700168,pos,127.046490138433,,,0,0,,
MatthewsPond,1,5/23/2018,BCF,2411,M,,A,,Y,0,1800700169,neg,0,,,0,0,,
MatthewsPond,1,5/23/2018,BCF,2410,M,,A,,Y,0,1800700170,neg,0,,,0,0,,
MatthewsPond,1,5/25/2018,BCF,2455m,M,,A,,Y,0,1800700172,pos,165271.379548738,,,0,0,,
MatthewsPond,1,5/25/2018,BCF,2453,M,,A,,Y,0,1800700173,neg,0,,,0,0,,
MatthewsPond,1,5/25/2018,BCF,1902,M,,A,,Y,0,1800700174,pos,30579.9295319991,,,0,0,,
MatthewsPond,1,5/25/2018,BCF,2452,M,,A,,Y,0,1800700175,pos,568909.089686393,,,0,0,,
LilyPond,1,6/1/2019,BCF,3634,M,,A,,Y,0,1800700206,neg,0,18ARMI1336,"only no. 4 toe, other 3 toes from this animal in 18ARMI0992 vial",0,0,,
LilyPond,1,6/1/2019,BCF,3640f,F,,A,,Y,0,1800700207,neg,0,18ARMI1137,"only no. 40 toe, other 3 toes in 18ARMI0979 vial",0,0,,
LilyPond,1,6/1/2019,BCF,3660,M,,A,,Y,0,1800700208,neg,0,18ARMI1038,"only no. 40 toe, other 3 toes in 18ARMI0986 vial",0,0,,
LilyPond,1,6/1/2019,BCF,3631,M,,A,,Y,0,1800700209,pos,145.696032741738,18ARMI0977,,0,0,,
LilyPond,1,6/1/2019,BCF,3640m,M,,A,,Y,0,1800700210,neg,0,18ARMI1332,"only no. 40 toe, other 3 toes in 18ARMI1146 vial",0,0,,
LilyPond,1,6/1/2019,BCF,3644,M,,A,,Y,0,1800700211,neg,0,18ARMI1127,"only no. 40  and no. 4 toes, other 2 toes in 18ARMI0971 vial",0,0,,
LilyPond,1,6/1/2019,BCF,3624,M,,A,,Y,0,1800700212,pos,13.6191222152784,18ARMI1142,"only no. 4 toe, other 3 toes from this animal in 18ARMI1001 vial",0,0,,
LilyPond,1,6/1/2019,BCF,3623,M,,A,,Y,0,1800700213,neg,0,18ARMI1132,,0,0,,
LilyPond,1,6/1/2019,BCF,3642,M,,A,,Y,0,1800700214,neg,0,18ARMI0987,"only no. 40 toe, other 3 toes in 18ARMI1335 vial",0,0,,
LilyPond,1,6/1/2019,BCF,3535,M,,A,,Y,0,1800700215,neg,0,18ARMI1346,,0,0,,
LilyPond,1,6/1/2019,BCF,3622,M,,A,,Y,0,1800700216,neg,0,18ARMI1032,,0,0,,
LilyPond,1,6/1/2019,BCF,3633,M,,A,,Y,0,1800700217,neg,0,18ARMI1009,,0,0,,
LilyPond,1,6/1/2019,BCF,3525,M,,A,,Y,0,1800700218,pos,93749.93125731,18ARMI1346,,0,0,,
LilyPond,1,6/1/2019,BCF,3643,M,,A,,Y,0,1800700219,neg,0,18ARMI1121,"only no. 40 toe, other 3 toes in 18ARMI1342 vial",0,0,,
LilyPond,1,6/1/2019,BCF,3630,M,,A,,Y,0,1800700220,neg,0,18ARMI1003,,0,0,,
LilyPond,1,6/3/2019,BCF,3655,M,,A,,Y,0,1800700226,neg,0,19ARMI2294,,0,0,,
LilyPond,1,6/3/2019,BCF,303,M,,A,,Y,0,1800700227,neg,0,19ARMI2200,,0,0,,
LilyPond,1,6/3/2019,BCF,304,M,,A,,Y,0,1800700228,pos,446.969767974624,19ARMI2295,"only no. 4 toe, other 3 toes in 18ARMI2276 vial",0,0,,
LilyPond,1,6/1/2019,BCF,3635,M,,A,,Y,0,1800700229,neg,0,18ARMI1144,,0,0,,
LilyPond,1,6/1/2019,BCF,3632,M,,A,,Y,0,1800700230,pos,38.6582106413282,18ARMI1345,,0,0,,
LilyPond,1,6/3/2019,BCF,311,M,,A,,Y,0,1800700231,neg,0,19ARMI2170,,0,0,,
LilyPond,1,6/3/2019,BCF,312,M,,A,,Y,0,1800700232,neg,0,19ARMI2216,,0,0,,
LilyPond,1,6/3/2019,BCF,1650,M,,A,,Y,1,1800700233,,,,,0,0,,
LilyPond,1,6/3/2019,BCF,1601,M,,A,,Y,0,1800700234,neg,0,19ARMI2329,,0,0,,
LilyPond,1,6/3/2019,BCF,305,M,,A,,Y,0,1800700235,neg,0,19ARMI2331,,0,0,,
LilyPond,1,6/6/2019,BCF,2802,M,,A,,Y,0,1800700237,neg,0,,,0,0,,
LilyPond,1,6/6/2019,BCF,3203,M,,A,,Y,0,1800700238,neg,0,,,0,0,,
LilyPond,1,6/6/2019,BCF,344,M,,A,,Y,0,1800700239,neg,0,19ARMI2259,"only no. 40 toe, other toes in 18ARMI2204 vial",0,0,,
LilyPond,1,6/6/2019,BCF,343,M,,A,,Y,0,1800700240,neg,0,19ARMI2227,"only no. 40 toe, other toes in 18ARMI2249 vial",0,0,,
LilyPond,1,6/6/2019,BCF,342,M,,A,,Y,0,1800700241,neg,0,19ARMI2303,"only no. 4 toe, other toes in 18ARMI2214 vial",0,0,,
LilyPond,1,6/6/2019,BCF,340m,M,,A,,Y,0,1800700242,neg,0,19ARMI2197,"swab is for amplexed pair 340m and 340f, hg-only no. 4 toe, other 3 toes in 18ARMI2245",0,0,,
LilyPond,1,6/6/2019,BCF,335,M,,A,,Y,0,1800700243,neg,0,19ARMI2316,,0,0,,
LilyPond,1,6/6/2019,BCF,334,M,,A,,Y,0,1800700244,neg,0,19ARMI2323,"only no. 4 toe, other 3 toes in 18ARMI2309 vial",0,0,,
LilyPond,1,6/6/2019,BCF,333,M,,A,,Y,0,1800700245,neg,0,19ARMI2326,,0,0,,
LilyPond,1,6/3/2019,BCF,310,M,,A,,Y,0,1800700246,neg,0,19ARMI2344,,0,0,,
LilyPond,1,6/3/2019,BCF,301m,M,,A,,Y,0,1800700247,neg,0,19ARMI2237,,0,0,,
LilyPond,1,6/3/2019,BCF,313,M,,A,,Y,0,1800700248,pos,554.744349773687,19ARMI2187,,0,0,,
LilyPond,1,6/3/2019,BCF,3545,M,,A,,Y,0,1800700249,neg,0,,,0,0,,
LilyPond,1,6/3/2019,BCF,302,M,,A,,Y,0,1800700250,neg,0,19ARMI2233,,0,0,,
MatthewsPond,1,5/29/2019,BCF,2454,M,,A,,Y,0,1800700374,pos,201.382561494874,,,0,0,,
MatthewsPond,1,5/29/2019,BCF,2633f,F,,A,,Y,0,1800700375,pos,1287.8983369398,18ARMI1023,,0,0,,
MatthewsPond,1,5/29/2019,BCF,2631,M,,A,,Y,0,1800700376,neg,0,,,0,0,,
MatthewsPond,1,5/29/2019,BCF,2635m,M,,A,,Y,0,1800700377,neg,0,18ARMI1331,,0,0,,
LilyPond,1,5/25/2021,BCF,350f,F,,A,,Y,0,2002200014,neg,0,19ARMI2945,,0,0,,
LilyPond,1,5/25/2021,BCF,351,M,,A,,Y,0,2002200015,neg,0,19ARMI2244,,0,0,,
LilyPond,1,5/25/2021,BCF,350m,M,,A,,Y,0,2002200016,neg,0,19ARMI2181,,0,0,,
LilyPond,1,5/25/2021,BCF,3652,M,,A,,Y,0,2002200017,neg,0,,,0,0,,
LilyPond,1,5/25/2021,BCF,345,M,,A,,Y,0,2002200018,neg,0,19ARMI2234,,0,0,,
LilyPond,1,5/25/2021,BCF,24f,F,,A,,Y,0,2002200019,pos,1582.18454261503,,,0,0,,
LilyPond,1,5/25/2021,BCF,344,M,,A,,Y,0,2002200020,pos,4104.7334091945,21ARMI1315,,0,0,,
LilyPond,1,5/25/2021,BCF,343m,M,,A,,Y,0,2002200021,neg,0,19ARMI2078,,0,0,,
MatthewsPond,1,5/19/2021,BCF,2655,M,,A,,Y,0,2002200148,neg,0,,,0,0,,
MatthewsPond,1,5/19/2021,BCF,2822f,F,,A,,Y,0,2002200149,neg,0,19ARMI2748,,0,0,,
MatthewsPond,1,5/19/2021,BCF,2821,M,,A,,Y,0,2002200150,neg,0,19ARMI2116,,0,0,,
MatthewsPond,1,5/19/2021,BCF,2820,M,,A,,Y,0,2002200151,neg,0,19ARMI2860,,0,0,,
MatthewsPond,1,5/19/2021,BCF,2815f,F,,A,,Y,0,2002200152,neg,0,21ARMI1301,,0,0,,
MatthewsPond,1,5/19/2021,BCF,2815m,M,,A,,Y,0,2002200153,neg,0,21ARMI1310,,0,0,,
MatthewsPond,1,5/19/2021,BCF,2823,M,,A,,Y,0,2002200155,pos,922.29162470994,19ARMI2192,,0,0,,
MatthewsPond,1,5/19/2021,BCF,2824,M,,A,,Y,0,2002200156,pos,1402.40927595307,21ARMI2140,,0,0,,
MatthewsPond,1,5/19/2021,BCF,2825,M,,A,,Y,0,2002200157,neg,0,,,0,0,,
MatthewsPond,1,5/19/2021,BCF,2641,M,,A,,Y,0,2002200158,neg,0,,,0,0,,
MatthewsPond,1,5/19/2021,BCF,2830m,M,,A,,Y,0,2002200159,neg,0,,,0,0,,
MatthewsPond,1,5/21/2021,BCF,2654,M,,A,,Y,0,2002200160,neg,0,,,0,0,,
MatthewsPond,1,5/21/2021,BCF,2833,F,,A,,Y,0,2002200161,neg,0,19ARMI2267,,0,0,,
MatthewsPond,1,5/19/2021,BCF,2813,M,,A,,Y,0,2002200162,neg,0,21ARMI1316,,0,0,,
MatthewsPond,1,5/19/2021,BCF,2812,M,,A,,Y,0,2002200163,neg,0,21ARMI1313,,0,0,,
MatthewsPond,1,5/19/2021,BCF,2822m,M,,A,,Y,0,2002200164,neg,0,21ARMI1308,,0,0,,
MatthewsPond,1,5/19/2021,BCF,2811,M,,A,,Y,0,2002200165,neg,0,21ARMI1314,,0,0,,
MatthewsPond,1,5/19/2021,BCF,2810m,M,,A,,Y,0,2002200166,neg,0,21ARMI1311,,0,0,,
MatthewsPond,1,5/19/2021,BCF,2810f,F,,A,,Y,0,2002200167,neg,0,21ARMI1320,,0,0,,
MatthewsPond,1,5/19/2021,BCF,2710,M,,A,,Y,0,2002200168,neg,0,21ARMI1306,,0,0,,
LilyPond,1,5/27/2021,BCF,411,M,,A,,Y,0,2002200189,neg,0,21ARMI1304,,0,0,,
LilyPond,1,5/27/2021,BCF,410,M,,A,,Y,0,2002200190,neg,0,19ARMI3119,,0,0,,
LilyPond,1,5/27/2021,BCF,405m,M,,A,,Y,0,2002200191,neg,0,19ARMI2171,,0,0,,
LilyPond,1,5/27/2021,BCF,404m,M,,A,,Y,0,2002200192,neg,0,21ARMI1305,,0,0,,
LilyPond,1,5/27/2021,BCF,3650,M,,A,,Y,0,2002200193,neg,0,,,0,0,,
LilyPond,1,5/25/2021,BCF,354,M,,A,,Y,0,2002200194,neg,0,21ARMI1307,,0,0,,
LilyPond,1,5/25/2021,BCF,343f,F,,A,,Y,0,2002200195,neg,0,19ARMI2215,,0,0,,
LilyPond,1,5/25/2021,BCF,353,M,,A,,Y,0,2002200196,pos,320.302831167335,19ARMI2177,,0,0,,
LilyPond,1,5/25/2021,BCF,352,M,,A,,Y,0,2002200197,neg,0,19ARMI2147,,0,0,,
LilyPond,1,5/25/2021,BCF,3toesRT,M,,A,,Y,0,2002200198,neg,0,,,0,0,,
LilyPond,1,5/25/2021,BCF,3641,M,,A,,Y,0,2002200199,neg,0,,,0,0,,
LilyPond,1,5/25/2021,BCF,342,M,,A,,Y,0,2002200200,neg,0,19ARMI2793,,0,0,,
MatthewsPond,1,5/28/2020,BCF,2733,M,,A,,Y,0,2002300025,pos,76260.4664820849,19ARMI2919,,0,0,,
MatthewsPond,1,5/28/2020,BCF,2735,M,,A,,Y,0,2002300027,pos,691.326650041827,19ARMI2031,,0,0,,
MatthewsPond,1,5/28/2020,BCF,2740,M,,A,,Y,0,2002300028,pos,15.6609446302608,19ARMI2900,,0,0,,
MatthewsPond,1,5/28/2020,BCF,2741,M,,A,,Y,0,2002300029,neg,0,19ARMI2812,,0,0,,
MatthewsPond,1,5/28/2020,BCF,2732,M,,A,,Y,0,2002300031,pos,2593.0904047989,19ARMI2827,,0,0,,
LilyPond,1,5/26/2020,BCF,212,M,,A,,Y,0,2002300032,neg,0,18ARMI1423,,0,0,,
LilyPond,1,5/26/2020,BCF,215,M,,A,,Y,0,2002300033,neg,0,18ARMI1031,,0,0,,
LilyPond,1,5/26/2020,BCF,211,M,,A,,Y,0,2002300034,neg,0,18ARMI0984,,0,0,,
LilyPond,1,5/26/2020,BCF,210,M,,A,,Y,0,2002300035,pos,1079.52246870157,18ARMI0985,,0,0,,
LilyPond,1,5/26/2020,BCF,205,M,,A,,Y,0,2002300037,neg,0,19ARMI2308,,0,0,,
LilyPond,1,5/26/2020,BCF,204,M,,A,,Y,0,2002300038,neg,0,18ARMI1414,,0,0,,
LilyPond,1,5/26/2020,BCF,203,M,,A,,Y,0,2002300039,neg,0,18ARMI1022,,0,0,,
LilyPond,1,5/26/2020,BCF,202,M,,A,,Y,0,2002300040,neg,0,18ARMI1012,,0,0,,
LilyPond,1,5/26/2020,BCF,201,M,,A,,Y,0,2002300041,pos,30.0429030362189,18ARMI1347,,0,0,,
LilyPond,1,5/26/2020,BCF,3655,M,,A,,Y,0,2002300042,pos,98.7331105346198,,,0,0,,
LilyPond,1,5/26/2020,BCF,330,M,,A,,Y,0,2002300043,neg,0,,,0,0,,
LilyPond,1,5/26/2020,BCF,55,M,,A,,Y,0,2002300044,pos,17.4412396843321,18ARMI1036,,0,0,,
LilyPond,1,5/26/2020,BCF,54br,M,,A,,Y,0,2002300045,pos,1154.86254150022,19ARMI2219,,0,0,,
LilyPond,1,5/26/2020,BCF,53,M,,A,,Y,0,2002300046,neg,0,18ARMI1020,,0,0,,
LilyPond,1,5/26/2020,BCF,3650,M,,A,,Y,0,2002300047,neg,0,,,0,0,,
LilyPond,1,5/25/2020,BCF,3240,M,,A,,Y,0,2002300049,neg,0,,,0,0,,
LilyPond,1,5/25/2020,BCF,244,M,,A,,Y,0,2002300050,neg,0,18ARMI1030,,0,0,,
LilyPond,1,5/25/2020,BCF,43m,M,,A,,Y,0,2002300051,neg,0,18ARMI1139,,0,0,,
LilyPond,1,5/25/2020,BCF,3622,M,,A,,Y,0,2002300052,neg,0,,,0,0,,
LilyPond,1,5/25/2020,BCF,43f,F,,A,,Y,0,2002300053,neg,0,19ARMI2154,,0,0,,
LilyPond,1,5/25/2020,BCF,303,M,,A,,Y,0,2002300054,neg,0,,,0,0,,
MatthewsPond,1,5/23/2020,BCF,2714,M,,A,,Y,0,2002300055,pos,10765.8395704664,19ARMI3124,,0,0,,
MatthewsPond,1,5/23/2020,BCF,2024,M,,A,,Y,0,2002300056,neg,0,,,0,0,,
MatthewsPond,1,5/23/2020,BCF,2715,M,,A,,Y,0,2002300057,neg,0,19ARMI2083,"2715 and 2044 in amplexus, swab from both",0,0,,
MatthewsPond,1,5/23/2020,BCF,2720,M,,A,,Y,0,2002300058,neg,0,19ARMI2107,,0,0,,
MatthewsPond,1,5/23/2020,BCF,2721,M,,A,,Y,0,2002300059,pos,470.08686865561,19ARMI2865,,0,0,,
MatthewsPond,1,5/23/2020,BCF,2722,M,,A,,Y,0,2002300060,pos,6609.23041607785,19ARMI2125,,0,0,,
MatthewsPond,1,5/23/2020,BCF,2710,M,,A,,Y,0,2002300061,pos,1360.98447646955,19ARMI2059,,0,0,,
MatthewsPond,1,5/23/2020,BCF,2705,M,,A,,Y,0,2002300062,neg,0,19ARMI2820,,0,0,,
MatthewsPond,1,5/23/2020,BCF,2711,M,,A,,Y,0,2002300063,neg,0,19ARMI2818,,0,0,,
MatthewsPond,1,5/23/2020,BCF,2400,M,,A,,Y,0,2002300064,neg,0,,,0,0,,
MatthewsPond,1,5/23/2020,BCF,2712,M,,A,,Y,0,2002300065,neg,0,19ARMI2770,,0,0,,
MatthewsPond,1,5/23/2020,BCF,amlexedM-F,M,,A,,Y,0,2002300066,pos,1512.60221232131,,,0,0,,
MatthewsPond,1,5/23/2020,BCF,1920,M,,A,,Y,0,2002300067,neg,0,,,0,0,,
MatthewsPond,1,5/20/2020,BCF,1930,M,,A,,Y,0,2002300068,pos,117.15077109463,,,0,0,,
MatthewsPond,1,5/20/2020,BCF,2643,M,,A,,Y,0,2002300069,neg,0,19ARMI2292,,0,0,,
MatthewsPond,1,5/20/2020,BCF,2642,M,,A,,Y,0,2002300070,neg,0,19ARMI2141,,0,0,,
MatthewsPond,1,5/20/2020,BCF,2641,M,,A,,Y,0,2002300071,neg,0,19ARMI2186,,0,0,,
MatthewsPond,1,5/20/2020,BCF,2051,M,,A,,Y,0,2002300072,neg,0,,,0,0,,
LilyPond,1,6/3/2019,BCF,324,M,,A,,N,,,,,19ARMI2330,"only no. 4 toe, other 3 toes in 18ARMI2134 vial",0,0,,
LilyPond,1,6/3/2019,BCF,314,M,,A,,N,,,,,19ARMI2269,"only no. 4 toe, other 3 toes in 18ARMI2230 vial",0,0,,
LilyPond,1,6/6/2019,BCF,341m,M,,A,,N,,,,,19ARMI2320,"only no. 4 toe, other toes in 18ARMI2157 vial",0,0,,
LilyPond,1,6/6/2019,BCF,341f,F,,A,,N,,,,,19ARMI2285,"only no. 4 toe, other toes in 18ARMI2228 vial",0,0,,
LilyPond,1,6/6/2019,BCF,340f,F,,A,,N,,,,,19ARMI2288,"only no. 4 toe, other toes in 18ARMI2241 vial",0,0,,
LilyPond,1,6/1/2019,BCF,3641f,F,,A,,N,,,,,18ARMI1027,"only no. 40 toe, other 3 toes in 18ARMI0974 vial",0,0,,
MatthewsPond,1,5/29/2019,BCF,2640,F,,A,,N,,,,,18ARMI1333,"only no. 40 toe, other 3 toes in 18ARMI0978 vial",0,0,,
LilyPond,1,6/1/2019,BCF,3641m,M,,A,,N,,,,,18ARMI1437,"only no. 40 toe, other 3 toes in 18ARMI1013 vial",0,0,,
LilyPond,1,6/6/2019,BCF,345,M,,A,,N,,,,,19ARMI2211,"only no. 40 toe, other toes in 18ARMI2341 vial",0,0,,
LilyPond,1,6/1/2018,BCF,2615,M,,A,,N,,,,,,,0,0,,
LilyPond,1,6/1/2018,BCF,3220,M,,A,,N,,,,,,,0,0,,
LilyPond,1,6/1/2018,BCF,3544,M,,A,,N,,,,,18ARMI0982,,0,0,,
LilyPond,1,6/1/2018,BCF,3545,M,,A,,N,,,,,18ARMI1334,,0,0,,
LilyPond,1,6/1/2018,BCF,3550,M,,A,,N,,,,,,,0,0,,
LilyPond,1,6/1/2018,BCF,3551,M,,A,,N,,,,,,,0,0,,
LilyPond,1,6/1/2018,BCF,3552,M,,A,,N,,,,,,,0,0,,
LilyPond,1,6/1/2018,BCF,3553,M,,A,,N,,,,,,,0,0,,
LilyPond,1,6/1/2018,BCF,3554,M,,A,,N,,,,,18ARMI1005,,0,0,,
LilyPond,1,6/1/2018,BCF,3555,M,,A,,N,,,,,,,0,0,,
LilyPond,1,6/1/2018,BCF,4-5toesfused,M,,A,,N,,,,,,,0,0,,
LilyPond,1,6/4/2018,BCF,2441,F,,A,,N,,,,,,,0,0,,
LilyPond,1,6/4/2018,BCF,3601f,F,,A,,N,,,,,,,0,0,,
LilyPond,1,6/4/2018,BCF,3602f,F,,A,,N,,,,,,,0,0,,
LilyPond,1,6/4/2018,BCF,2450,M,,A,,N,,,,,,,0,0,,
LilyPond,1,6/4/2018,BCF,2615,M,,A,,N,,,,,,,0,0,,
LilyPond,1,6/4/2018,BCF,2625,M,,A,,N,,,,,,,0,0,,
LilyPond,1,6/4/2018,BCF,2644,M,,A,,N,,,,,,,0,0,,
LilyPond,1,6/4/2018,BCF,3434,M,,A,,N,,,,,,,0,0,,
LilyPond,1,6/4/2018,BCF,3601m,M,,A,,N,,,,,,,0,0,,
LilyPond,1,6/4/2018,BCF,3602m,M,,A,,N,,,,,,,0,0,,
LilyPond,1,6/4/2018,BCF,3603,M,,A,,N,,,,,,,0,0,,
LilyPond,1,6/4/2018,BCF,3604,M,,A,,N,,,,,,,0,0,,
LilyPond,1,6/4/2018,BCF,3605,M,,A,,N,,,,,,,0,0,,
LilyPond,1,6/4/2018,BCF,3610,M,,A,,N,,,,,,,0,0,,
LilyPond,1,6/4/2018,BCF,3611,M,,A,,N,,,,,,,0,0,,
LilyPond,1,6/4/2018,BCF,3612,M,,A,,N,,,,,,,0,0,,
LilyPond,1,6/4/2018,BCF,3613,M,,A,,N,,,,,,,0,0,,
LilyPond,1,6/4/2018,BCF,3614,M,,A,,N,,,,,,,0,0,,
LilyPond,1,6/4/2018,BCF,3615,M,,A,,N,,,,,,,0,0,,
LilyPond,1,6/4/2018,BCF,3620,M,,A,,N,,,,,,,0,0,,
LilyPond,1,6/4/2018,BCF,3621,M,,A,,N,,,,,,,0,0,,
LilyPond,1,6/1/2019,BCF,2402,M,,A,,N,,,,,,,0,0,,
LilyPond,1,6/1/2019,BCF,3645,M,,A,,N,,,,,18ARMI1029,,0,0,,
LilyPond,1,6/1/2019,BCF,3650,M,,A,,N,,,,,,,0,0,,
LilyPond,1,6/1/2019,BCF,3651,M,,A,,N,,,,,,,0,0,,
LilyPond,1,6/1/2019,BCF,3652,M,,A,,N,,,,,,,0,0,,
LilyPond,1,6/1/2019,BCF,3653,M,,A,,N,,,,,,,0,0,,
LilyPond,1,6/1/2019,BCF,3654,M,,A,,N,,,,,,,0,0,,
LilyPond,1,6/3/2019,BCF,301f,F,,A,,N,,,,,19ARMI2312,,0,0,,
LilyPond,1,6/3/2019,BCF,94,M,,A,,N,,,,,,,0,0,,
LilyPond,1,6/3/2019,BCF,315,M,,A,,N,,,,,19ARMI2287,,0,0,,
LilyPond,1,6/3/2019,BCF,320,M,,A,,N,,,,,19ARMI2196,,0,0,,
LilyPond,1,6/3/2019,BCF,321,M,,A,,N,,,,,19ARMI2346,,0,0,,
LilyPond,1,6/3/2019,BCF,322,M,,A,,N,,,,,19ARMI2305,,0,0,,
LilyPond,1,6/3/2019,BCF,323,M,,A,,N,,,,,19ARMI2226,,0,0,,
LilyPond,1,6/3/2019,BCF,325,M,,A,,N,,,,,19ARMI2162,,0,0,,
LilyPond,1,6/3/2019,BCF,330,M,,A,,N,,,,,19ARMI2263,,0,0,,
LilyPond,1,6/3/2019,BCF,331,M,,A,,N,,,,,19ARMI2190,,0,0,,
LilyPond,1,6/3/2019,BCF,332,M,,A,,N,,,,,19ARMI2243,,0,0,,
LilyPond,1,6/3/2019,BCF,3623,M,,A,,N,,,,,,,0,0,,
LilyPond,1,6/6/2019,BCF,14f,F,,A,,N,,,,,,,0,0,,
LilyPond,1,6/6/2019,BCF,20f,F,,A,,N,,,,,,,0,0,,
LilyPond,1,6/6/2019,BCF,41,F,,A,,N,,,,,,,0,0,,
LilyPond,1,6/6/2019,BCF,350f,F,,A,,N,,,,,,,0,0,,
LilyPond,1,6/6/2019,BCF,11,M,,A,,N,,,,,,,0,0,,
LilyPond,1,6/6/2019,BCF,12,M,,A,,N,,,,,,,0,0,,
LilyPond,1,6/6/2019,BCF,13,M,,A,,N,,,,,,,0,0,,
LilyPond,1,6/6/2019,BCF,14m,M,,A,,N,,,,,,,0,0,,
LilyPond,1,6/6/2019,BCF,15,M,,A,,N,,,,,,,0,0,,
LilyPond,1,6/6/2019,BCF,20m,M,,A,,N,,,,,,,0,0,,
LilyPond,1,6/6/2019,BCF,21,M,,A,,N,,,,,,,0,0,,
LilyPond,1,6/6/2019,BCF,22,M,,A,,N,,,,,,,0,0,,
LilyPond,1,6/6/2019,BCF,23,M,,A,,N,,,,,,,0,0,,
LilyPond,1,6/6/2019,BCF,24m,M,,A,,N,,,,,,,0,0,,
LilyPond,1,6/6/2019,BCF,25,M,,A,,N,,,,,,,0,0,,
LilyPond,1,6/6/2019,BCF,30,M,,A,,N,,,,,,,0,0,,
LilyPond,1,6/6/2019,BCF,31,M,,A,,N,,,,,,,0,0,,
LilyPond,1,6/6/2019,BCF,32,M,,A,,N,,,,,,,0,0,,
LilyPond,1,6/6/2019,BCF,33,M,,A,,N,,,,,,,0,0,,
LilyPond,1,6/6/2019,BCF,34,M,,A,,N,,,,,,,0,0,,
LilyPond,1,6/6/2019,BCF,35,M,,A,,N,,,,,,,0,0,,
LilyPond,1,6/6/2019,BCF,40,M,,A,,N,,,,,,,0,0,,
LilyPond,1,6/6/2019,BCF,41,M,,A,,N,,,,,,,0,0,,
LilyPond,1,6/6/2019,BCF,42,M,,A,,N,,,,,,,0,0,,
LilyPond,1,6/6/2019,BCF,94,M,,A,,N,,,,,,,0,0,,
LilyPond,1,6/6/2019,BCF,301,M,,A,,N,,,,,,,0,0,,
LilyPond,1,6/6/2019,BCF,311,M,,A,,N,,,,,,,0,0,,
LilyPond,1,6/6/2019,BCF,314,M,,A,,N,,,,,,,0,0,,
LilyPond,1,6/6/2019,BCF,320,M,,A,,N,,,,,,,0,0,,
LilyPond,1,6/6/2019,BCF,321,M,,A,,N,,,,,,,0,0,,
LilyPond,1,6/6/2019,BCF,323,M,,A,,N,,,,,,,0,0,,
LilyPond,1,6/6/2019,BCF,330,M,,A,,N,,,,,,,0,0,,
LilyPond,1,6/6/2019,BCF,350m,M,,A,,N,,,,,,,0,0,,
LilyPond,1,6/6/2019,BCF,351,M,,A,,N,,,,,,,0,0,,
LilyPond,1,6/6/2019,BCF,353,M,,A,,N,,,,,,,0,0,,
LilyPond,1,6/6/2019,BCF,354,M,,A,,N,,,,,,,0,0,,
LilyPond,1,6/6/2019,BCF,355,M,,A,,N,,,,,,,0,0,,
LilyPond,1,6/6/2019,BCF,2441,M,,A,,N,,,,,,,0,0,,
LilyPond,1,6/6/2019,BCF,3231,M,,A,,N,,,,,,,0,0,,
LilyPond,1,6/6/2019,BCF,3240,M,,A,,N,,,,,,,0,0,,
LilyPond,1,6/6/2019,BCF,3511,M,,A,,N,,,,,,,0,0,,
LilyPond,1,6/6/2019,BCF,3533,M,,A,,N,,,,,,,0,0,,
LilyPond,1,6/6/2019,BCF,3535,M,,A,,N,,,,,,,0,0,,
LilyPond,1,6/6/2019,BCF,3614,M,,A,,N,,,,,,,0,0,,
LilyPond,1,6/6/2019,BCF,3623,M,,A,,N,,,,,,,0,0,,
LilyPond,1,6/6/2019,BCF,3632,M,,A,,N,,,,,,,0,0,,
LilyPond,1,6/6/2019,BCF,3640,M,,A,,N,,,,,,,0,0,,
LilyPond,1,5/25/2020,BCF,45,M,,A,,N,,,,,18ARMI1350,,0,0,,
LilyPond,1,5/25/2020,BCF,50,M,,A,,N,,,,,19ARMI2209,,0,0,,
LilyPond,1,5/25/2020,BCF,51,M,,A,,N,,,,,18ARMI1396,,0,0,,
LilyPond,1,5/25/2020,BCF,52,M,,A,,N,,,,,18ARMI1148,,0,0,,
LilyPond,1,5/25/2020,BCF,3641,M,,A,,N,,,,,,,0,0,,
LilyPond,1,5/26/2020,BCF,34,M,,A,,N,,,,,,,0,0,,
LilyPond,1,5/26/2020,BCF,52,M,,A,,N,,,,,,,0,0,,
LilyPond,1,5/26/2020,BCF,54gr,M,,A,,N,,,,,,,0,0,,
LilyPond,1,5/26/2020,BCF,213,M,,A,,N,,,,,18ARMI1016,,0,0,,
LilyPond,1,5/26/2020,BCF,214,M,,A,,N,,,,,19ARMI2258,,0,0,,
LilyPond,1,5/26/2020,BCF,220,M,,A,,N,,,,,18ARMI1128,,0,0,,
LilyPond,1,5/26/2020,BCF,221,M,,A,,N,,,,,18ARMI0990,,0,0,,
LilyPond,1,5/26/2020,BCF,222,M,,A,,N,,,,,18ARMI1420,,0,0,,
LilyPond,1,5/26/2020,BCF,223,M,,A,,N,,,,,,,0,0,,
LilyPond,1,5/26/2020,BCF,224,M,,A,,N,,,,,18ARMI1407,,0,0,,
LilyPond,1,5/26/2020,BCF,225,M,,A,,N,,,,,,,0,0,,
LilyPond,1,5/26/2020,BCF,230,M,,A,,N,,,,,,,0,0,,
LilyPond,1,5/26/2020,BCF,231,M,,A,,N,,,,,,,0,0,,
LilyPond,1,5/26/2020,BCF,232,M,,A,,N,,,,,,,0,0,,
LilyPond,1,5/26/2020,BCF,233,M,,A,,N,,,,,,,0,0,,
LilyPond,1,5/26/2020,BCF,244,M,,A,,N,,,,,,,0,0,,
LilyPond,1,5/26/2020,BCF,250,M,,A,,N,,,,,18ARMI1021,,0,0,,
LilyPond,1,5/26/2020,BCF,303,M,,A,,N,,,,,,,0,0,,
LilyPond,1,5/26/2020,BCF,343,M,,A,,N,,,,,,,0,0,,
LilyPond,1,5/26/2020,BCF,3641,M,,A,,N,,,,,,,0,0,,
LilyPond,1,5/26/2020,BCF,3643,M,,A,,N,,,,,,,0,0,,
LilyPond,1,5/30/2020,BCF,240f,F,,A,,N,,,,,,,0,0,,
LilyPond,1,5/30/2020,BCF,253f,F,,A,,N,,,,,,,0,0,,
LilyPond,1,5/30/2020,BCF,254,F,,A,,N,,,,,,,0,0,,
LilyPond,1,5/30/2020,BCF,320f,F,,A,,N,,,,,,,0,0,,
LilyPond,1,5/30/2020,BCF,330f,F,,A,,N,,,,,,,0,0,,
LilyPond,1,5/30/2020,BCF,42,M,,A,,N,,,,,,,0,0,,
LilyPond,1,5/30/2020,BCF,45,M,,A,,N,,,,,,,0,0,,
LilyPond,1,5/30/2020,BCF,53,M,,A,,N,,,,,,,0,0,,
LilyPond,1,5/30/2020,BCF,54,M,,A,,N,,,,,,,0,0,,
LilyPond,1,5/30/2020,BCF,205,M,,A,,N,,,,,,,0,0,,
LilyPond,1,5/30/2020,BCF,214,M,,A,,N,,,,,,,0,0,,
LilyPond,1,5/30/2020,BCF,225,M,,A,,N,,,,,,,0,0,,
LilyPond,1,5/30/2020,BCF,231,M,,A,,N,,,,,,,0,0,,
LilyPond,1,5/30/2020,BCF,234,M,,A,,N,,,,,,,0,0,,
LilyPond,1,5/30/2020,BCF,235,M,,A,,N,,,,,,,0,0,,
LilyPond,1,5/30/2020,BCF,240m,M,,A,,N,,,,,,,0,0,,
LilyPond,1,5/30/2020,BCF,241,M,,A,,N,,,,,,,0,0,,
LilyPond,1,5/30/2020,BCF,242,M,,A,,N,,,,,,,0,0,,
LilyPond,1,5/30/2020,BCF,243,M,,A,,N,,,,,,,0,0,,
LilyPond,1,5/30/2020,BCF,245,M,,A,,N,,,,,,,0,0,,
LilyPond,1,5/30/2020,BCF,251,M,,A,,N,,,,,,,0,0,,
LilyPond,1,5/30/2020,BCF,252,M,,A,,N,,,,,,,0,0,,
LilyPond,1,5/30/2020,BCF,253m,M,,A,,N,,,,,,,0,0,,
LilyPond,1,5/30/2020,BCF,255,M,,A,,N,,,,,,,0,0,,
LilyPond,1,5/30/2020,BCF,304,M,,A,,N,,,,,,,0,0,,
LilyPond,1,5/30/2020,BCF,305,M,,A,,N,,,,,,,0,0,,
LilyPond,1,5/30/2020,BCF,310,M,,A,,N,,,,,,,0,0,,
LilyPond,1,5/30/2020,BCF,311,M,,A,,N,,,,,,,0,0,,
LilyPond,1,5/30/2020,BCF,312,M,,A,,N,,,,,,,0,0,,
LilyPond,1,5/30/2020,BCF,313,M,,A,,N,,,,,,,0,0,,
LilyPond,1,5/30/2020,BCF,314,M,,A,,N,,,,,,,0,0,,
LilyPond,1,5/30/2020,BCF,315,M,,A,,N,,,,,,,0,0,,
LilyPond,1,5/30/2020,BCF,320m,M,,A,,N,,,,,,,0,0,,
LilyPond,1,5/30/2020,BCF,321,M,,A,,N,,,,,,,0,0,,
LilyPond,1,5/30/2020,BCF,322,M,,A,,N,,,,,,,0,0,,
LilyPond,1,5/30/2020,BCF,323,M,,A,,N,,,,,,,0,0,,
LilyPond,1,5/30/2020,BCF,324,M,,A,,N,,,,,,,0,0,,
LilyPond,1,5/30/2020,BCF,325,M,,A,,N,,,,,,,0,0,,
LilyPond,1,5/30/2020,BCF,330m,M,,A,,N,,,,,,,0,0,,
LilyPond,1,5/30/2020,BCF,331,M,,A,,N,,,,,,,0,0,,
LilyPond,1,5/30/2020,BCF,332,M,,A,,N,,,,,,,0,0,,
LilyPond,1,5/30/2020,BCF,333,M,,A,,N,,,,,,,0,0,,
LilyPond,1,5/30/2020,BCF,334,M,,A,,N,,,,,,,0,0,,
LilyPond,1,5/30/2020,BCF,335,M,,A,,N,,,,,,,0,0,,
LilyPond,1,5/30/2020,BCF,340,M,,A,,N,,,,,,,0,0,,
LilyPond,1,5/30/2020,BCF,341,M,,A,,N,,,,,,,0,0,,
LilyPond,1,5/30/2020,BCF,350,M,,A,,N,,,,,,,0,0,,
LilyPond,1,5/30/2020,BCF,2441,M,,A,,N,,,,,,,0,0,,
LilyPond,1,5/30/2020,BCF,3222,M,,A,,N,,,,,,,0,0,,
LilyPond,1,5/30/2020,BCF,3231,M,,A,,N,,,,,,,0,0,,
LilyPond,1,5/30/2020,BCF,3501,M,,A,,N,,,,,,,0,0,,
LilyPond,1,5/30/2020,BCF,3505,M,,A,,N,,,,,,,0,0,,
LilyPond,1,5/30/2020,BCF,3544,M,,A,,N,,,,,,,0,0,,
LilyPond,1,5/30/2020,BCF,3604,M,,A,,N,,,,,,,0,0,,
LilyPond,1,5/30/2020,BCF,3631,M,,A,,N,,,,,,,0,0,,
LilyPond,1,5/30/2020,BCF,200+300,M,,A,,N,,,,,,,0,0,,
LilyPond,1,5/30/2020,BCF,40-50fused,M,,A,,N,,,,,,,0,0,,
LilyPond,1,5/25/2021,BCF,300,M,,A,,N,,,,,,,0,0,,
LilyPond,1,5/25/2021,BCF,355,M,,A,,N,,,,,19ARMI2347,,0,0,,
LilyPond,1,5/25/2021,BCF,401,M,,A,,N,,,,,19ARMI2179,,0,0,,
LilyPond,1,5/25/2021,BCF,402,M,,A,,N,,,,,19ARMI2261,,0,0,,
LilyPond,1,5/25/2021,BCF,403,M,,A,,N,,,,,19ARMI2066,,0,0,,
LilyPond,1,5/27/2021,BCF,404f,F,,A,,N,,,,,21ARMI1309,,0,0,,
LilyPond,1,5/27/2021,BCF,405f,F,,A,,N,,,,,19ARMI2321,,0,0,,
LilyPond,1,5/27/2021,BCF,420f,F,,A,,N,,,,,,,0,0,,
LilyPond,1,5/27/2021,BCF,55,M,,A,,N,,,,,,,0,0,,
LilyPond,1,5/27/2021,BCF,212,M,,A,,N,,,,,,,0,0,,
LilyPond,1,5/27/2021,BCF,300,M,,A,,N,,,,,,,0,0,,
LilyPond,1,5/27/2021,BCF,345,M,,A,,N,,,,,,,0,0,,
LilyPond,1,5/27/2021,BCF,401,M,,A,,N,,,,,,,0,0,,
LilyPond,1,5/27/2021,BCF,402,M,,A,,N,,,,,,,0,0,,
LilyPond,1,5/27/2021,BCF,403,M,,A,,N,,,,,,,0,0,,
LilyPond,1,5/27/2021,BCF,412,M,,A,,N,,,,,19ARMI2780,,0,0,,
LilyPond,1,5/27/2021,BCF,413,M,,A,,N,,,,,21ARMI1318,,0,0,,
LilyPond,1,5/27/2021,BCF,414,M,,A,,N,,,,,19ARMI2184,,0,0,,
LilyPond,1,5/27/2021,BCF,415,M,,A,,N,,,,,19ARMI2242,,0,0,,
LilyPond,1,5/27/2021,BCF,421,M,,A,,N,,,,,,,0,0,,
LilyPond,1,5/27/2021,BCF,422,M,,A,,N,,,,,,,0,0,,
LilyPond,1,5/27/2021,BCF,423,M,,A,,N,,,,,,,0,0,,
LilyPond,1,5/27/2021,BCF,424,M,,A,,N,,,,,,,0,0,,
LilyPond,1,5/27/2021,BCF,425,M,,A,,N,,,,,,,0,0,,
LilyPond,1,5/27/2021,BCF,430,M,,A,,N,,,,,,,0,0,,
LilyPond,1,5/27/2021,BCF,431,M,,A,,N,,,,,,,0,0,,
LilyPond,1,5/27/2021,BCF,432,M,,A,,N,,,,,,,0,0,,
LilyPond,1,5/27/2021,BCF,3502,M,,A,,N,,,,,,,0,0,,
LilyPond,1,5/27/2021,BCF,3640,M,,A,,N,,,,,,,0,0,,
LilyPond,1,5/27/2021,BCF,2400-3200fused,M,,A,,N,,,,,,,0,0,,
LilyPond,1,5/27/2021,BCF,420m,M,,A,,N,,,,,,,0,0,,
LilyPond,1,6/2/2021,BCF,354,M,,A,,N,,,,,,,0,0,,
LilyPond,1,6/2/2021,BCF,55,M,,A,,N,,,,,,,0,0,,
LilyPond,1,6/2/2021,BCF,121,M,,A,,N,,,,,,,0,0,,
LilyPond,1,6/2/2021,BCF,202,M,,A,,N,,,,,,,0,0,,
LilyPond,1,6/2/2021,BCF,242,M,,A,,N,,,,,,,0,0,,
LilyPond,1,6/2/2021,BCF,300,M,,A,,N,,,,,,,0,0,,
LilyPond,1,6/2/2021,BCF,301,M,,A,,N,,,,,,,0,0,,
LilyPond,1,6/2/2021,BCF,332,M,,A,,N,,,,,,,0,0,,
LilyPond,1,6/2/2021,BCF,334,M,,A,,N,,,,,,,0,0,,
LilyPond,1,6/2/2021,BCF,343,M,,A,,N,,,,,,,0,0,,
LilyPond,1,6/2/2021,BCF,351,M,,A,,N,,,,,,,0,0,,
LilyPond,1,6/2/2021,BCF,352,M,,A,,N,,,,,,,0,0,,
LilyPond,1,6/2/2021,BCF,355,M,,A,,N,,,,,,,0,0,,
LilyPond,1,6/2/2021,BCF,401,M,,A,,N,,,,,,,0,0,,
LilyPond,1,6/2/2021,BCF,403,M,,A,,N,,,,,,,0,0,,
LilyPond,1,6/2/2021,BCF,413,M,,A,,N,,,,,,,0,0,,
LilyPond,1,6/2/2021,BCF,414,M,,A,,N,,,,,,,0,0,,
LilyPond,1,6/2/2021,BCF,420,M,,A,,N,,,,,,,0,0,,
LilyPond,1,6/2/2021,BCF,421,M,,A,,N,,,,,,,0,0,,
LilyPond,1,6/2/2021,BCF,422,M,,A,,N,,,,,,,0,0,,
LilyPond,1,6/2/2021,BCF,431,M,,A,,N,,,,,,,0,0,,
LilyPond,1,6/2/2021,BCF,434,M,,A,,N,,,,,19ARMI2247,,0,0,,
LilyPond,1,6/2/2021,BCF,435,M,,A,,N,,,,,19ARMI2201,,0,0,,
LilyPond,1,6/2/2021,BCF,440,M,,A,,N,,,,,19ARMI2058,,0,0,,
LilyPond,1,6/2/2021,BCF,441,M,,A,,N,,,,,19ARMI2262,,0,0,,
LilyPond,1,6/2/2021,BCF,442,M,,A,,N,,,,,19ARMI2275,,0,0,,
LilyPond,1,6/2/2021,BCF,443,M,,A,,N,,,,,19ARMI2283,,0,0,,
LilyPond,1,6/2/2021,BCF,444,M,,A,,N,,,,,19ARMI2297,,0,0,,
LilyPond,1,6/2/2021,BCF,445,M,,A,,N,,,,,,,0,0,,
LilyPond,1,6/2/2021,BCF,450,M,,A,,N,,,,,,,0,0,,
LilyPond,1,6/2/2021,BCF,451,M,,A,,N,,,,,,,0,0,,
LilyPond,1,6/2/2021,BCF,452,M,,A,,N,,,,,,,0,0,,
LilyPond,1,6/2/2021,BCF,453,M,,A,,N,,,,,,,0,0,,
LilyPond,1,6/2/2021,BCF,454,M,,A,,N,,,,,,,0,0,,
LilyPond,1,6/2/2021,BCF,455,M,,A,,N,,,,,,,0,0,,
LilyPond,1,6/2/2021,BCF,1600,M,,A,,N,,,,,,,0,0,,
LilyPond,1,6/2/2021,BCF,1601,M,,A,,N,,,,,,,0,0,,
LilyPond,1,6/2/2021,BCF,1602,M,,A,,N,,,,,,,0,0,,
LilyPond,1,6/2/2021,BCF,1603,M,,A,,N,,,,,,,0,0,,
LilyPond,1,6/2/2021,BCF,1604,M,,A,,N,,,,,,,0,0,,
LilyPond,1,6/2/2021,BCF,1605,M,,A,,N,,,,,,,0,0,,
LilyPond,1,6/2/2021,BCF,1610,M,,A,,N,,,,,,,0,0,,
LilyPond,1,6/2/2021,BCF,1611,M,,A,,N,,,,,,,0,0,,
LilyPond,1,6/2/2021,BCF,1612,M,,A,,N,,,,,,,0,0,,
LilyPond,1,6/2/2021,BCF,1613,M,,A,,N,,,,,,,0,0,,
LilyPond,1,6/2/2021,BCF,1614,M,,A,,N,,,,,,,0,0,,
LilyPond,1,6/2/2021,BCF,1615,M,,A,,N,,,,,,,0,0,,
LilyPond,1,6/2/2021,BCF,1620,M,,A,,N,,,,,,,0,0,,
LilyPond,1,6/2/2021,BCF,1621,M,,A,,N,,,,,,,0,0,,
LilyPond,1,6/2/2021,BCF,1622,M,,A,,N,,,,,,,0,0,,
LilyPond,1,6/2/2021,BCF,1623,M,,A,,N,,,,,,,0,0,,
LilyPond,1,6/2/2021,BCF,3222,M,,A,,N,,,,,,,0,0,,
LilyPond,1,6/2/2021,BCF,3612,M,,A,,N,,,,,,,0,0,,
LilyPond,1,6/2/2021,BCF,3614,M,,A,,N,,,,,,,0,0,,
LilyPond,1,6/2/2021,BCF,3640,M,,A,,N,,,,,,,0,0,,
LilyPond,1,6/2/2021,BCF,40-50toesfused,M,,A,,N,,,,,,,0,0,,
LilyPond,1,6/2/2021,BCF,notoesrear,M,,A,,N,,,,,,,0,0,,
MatthewsPond,1,5/21/2018,BCF,1951,M,,A,,N,,,,,,,0,0,,
MatthewsPond,1,5/21/2018,BCF,2014,M,,A,,N,,,,,,,0,0,,
MatthewsPond,1,5/21/2018,BCF,2400,M,,A,,N,,,,,,,0,0,,
MatthewsPond,1,5/21/2018,BCF,2401,M,,A,,N,,,,,,,0,0,,
MatthewsPond,1,5/21/2018,BCF,2402,M,,A,,N,,,,,,,0,0,,
MatthewsPond,1,5/21/2018,BCF,2403,M,,A,,N,,,,,,,0,0,,
MatthewsPond,1,5/21/2018,BCF,2404,M,,A,,N,,,,,,,0,0,,
MatthewsPond,1,5/23/2018,BCF,2033,M,,A,,N,,,,,,,0,0,,
MatthewsPond,1,5/23/2018,BCF,2400,M,,A,,N,,,,,,,0,0,,
MatthewsPond,1,5/23/2018,BCF,2413,M,,A,,N,,,,,,,0,0,,
MatthewsPond,1,5/23/2018,BCF,2415,M,,A,,N,,,,,,,0,0,,
MatthewsPond,1,5/23/2018,BCF,2420,M,,A,,N,,,,,,,0,0,,
MatthewsPond,1,5/23/2018,BCF,2421,M,,A,,N,,,,,,,0,0,,
MatthewsPond,1,5/23/2018,BCF,2422,M,,A,,N,,,,,,,0,0,,
MatthewsPond,1,5/23/2018,BCF,2425,M,,A,,N,,,,,,,0,0,,
MatthewsPond,1,5/23/2018,BCF,2430,M,,A,,N,,,,,,,0,0,,
MatthewsPond,1,5/23/2018,BCF,2431,M,,A,,N,,,,,,,0,0,,
MatthewsPond,1,5/23/2018,BCF,2432,M,,A,,N,,,,,,,0,0,,
MatthewsPond,1,5/23/2018,BCF,2433,M,,A,,N,,,,,,,0,0,,
MatthewsPond,1,5/23/2018,BCF,2435,M,,A,,N,,,,,,,0,0,,
MatthewsPond,1,5/23/2018,BCF,2444,M,,A,,N,,,,,18ARMI1039,,0,0,,
MatthewsPond,1,5/23/2018,BCF,2450,M,,A,,N,,,,,,,0,0,,
MatthewsPond,1,5/23/2018,BCF,2451,M,,A,,N,,,,,,,0,0,,
MatthewsPond,1,5/23/2018,BCF,5401,M,,A,,N,,,,,,,0,0,,
MatthewsPond,1,5/23/2018,BCF,2423br,M,,A,,N,,,,,,,0,0,,
MatthewsPond,1,5/23/2018,BCF,2423gr,M,,A,,N,,,,,,,0,0,,
MatthewsPond,1,5/25/2018,BCF,2603,F,,A,,N,,,,,,,0,0,,
MatthewsPond,1,5/25/2018,BCF,2455f,F,,A,,N,,,,,,,0,0,,
MatthewsPond,1,5/25/2018,BCF,1825,M,,A,,N,,,,,,,0,0,,
MatthewsPond,1,5/25/2018,BCF,1914,M,,A,,N,,,,,,,0,0,,
MatthewsPond,1,5/25/2018,BCF,1930,M,,A,,N,,,,,,,0,0,,
MatthewsPond,1,5/25/2018,BCF,2003,M,,A,,N,,,,,,,0,0,,
MatthewsPond,1,5/25/2018,BCF,2402,M,,A,,N,,,,,,,0,0,,
MatthewsPond,1,5/25/2018,BCF,2405,M,,A,,N,,,,,,,0,0,,
MatthewsPond,1,5/25/2018,BCF,2430,M,,A,,N,,,,,,,0,0,,
MatthewsPond,1,5/25/2018,BCF,2600,M,,A,,N,,,,,,,0,0,,
MatthewsPond,1,5/25/2018,BCF,2601,M,,A,,N,,,,,,,0,0,,
MatthewsPond,1,5/25/2018,BCF,2602,M,,A,,N,,,,,,,0,0,,
MatthewsPond,1,5/25/2018,BCF,2604,M,,A,,N,,,,,,,0,0,,
MatthewsPond,1,5/24/2019,BCF,1833,M,,A,,N,,,,,,,0,0,,
MatthewsPond,1,5/24/2019,BCF,2621,M,,A,,N,,,,,,,0,0,,
MatthewsPond,1,5/26/2019,BCF,1833,M,,A,,N,,,,,,,0,0,,
MatthewsPond,1,5/26/2019,BCF,2401,M,,A,,N,,,,,,,0,0,,
MatthewsPond,1,5/26/2019,BCF,2431,M,,A,,N,,,,,,,0,0,,
MatthewsPond,1,5/26/2019,BCF,2454,M,,A,,N,,,,,,,0,0,,
MatthewsPond,1,5/26/2019,BCF,2605,M,,A,,N,,,,,,,0,0,,
MatthewsPond,1,5/26/2019,BCF,2613,M,,A,,N,,,,,,,0,0,,
MatthewsPond,1,5/26/2019,BCF,2621,M,,A,,N,,,,,,,0,0,,
MatthewsPond,1,5/26/2019,BCF,2624,M,,A,,N,,,,,18ARMI1339,,0,0,,
MatthewsPond,1,5/26/2019,BCF,2625,M,,A,,N,,,,,,,0,0,,
MatthewsPond,1,5/26/2019,BCF,2630,M,,A,,N,,,,,,,0,0,,
MatthewsPond,1,5/26/2019,BCF,2631,M,,A,,N,,,,,,,0,0,,
MatthewsPond,1,5/26/2019,BCF,2632,M,,A,,N,,,,,,,0,0,,
MatthewsPond,1,5/20/2020,BCF,2651f,F,,A,,N,,,,,18ARMI1138,,0,0,,
MatthewsPond,1,5/20/2020,BCF,2652,F,,A,,N,,,,,18ARMI1129,,0,0,,
MatthewsPond,1,5/20/2020,BCF,2032,M,,A,,N,,,,,,,0,0,,
MatthewsPond,1,5/20/2020,BCF,2602,M,,A,,N,,,,,,,0,0,,
MatthewsPond,1,5/20/2020,BCF,2644,M,,A,,N,,,,,18ARMI1418,,0,0,,
MatthewsPond,1,5/20/2020,BCF,2645,M,,A,,N,,,,,18ARMI1349,,0,0,,
MatthewsPond,1,5/20/2020,BCF,2650,M,,A,,N,,,,,19ARMI2277,,0,0,,
MatthewsPond,1,5/20/2020,BCF,2651m,M,,A,,N,,,,,19ARMI2224,,0,0,,
MatthewsPond,1,5/20/2020,BCF,2653,M,,A,,N,,,,,18ARMI976,,0,0,,
MatthewsPond,1,5/20/2020,BCF,2654,M,,A,,N,,,,,18ARMI1149,,0,0,,
MatthewsPond,1,5/20/2020,BCF,2655,M,,A,,N,,,,,18ARMI1123,,0,0,,
MatthewsPond,1,5/20/2020,BCF,2701,M,,A,,N,,,,,18ARMI1136,,0,0,,
MatthewsPond,1,5/20/2020,BCF,2702,M,,A,,N,,,,,19ARMI2149,,0,0,,
MatthewsPond,1,5/20/2020,BCF,2703,M,,A,,N,,,,,18ARMI1340,,0,0,,
MatthewsPond,1,5/20/2020,BCF,2704,M,,A,,N,,,,,19ARMI2180,,0,0,,
MatthewsPond,1,5/23/2020,BCF,2730f,F,,A,,N,,,,,19ARMI2191,,0,0,,
MatthewsPond,1,5/23/2020,BCF,2731f,F,,A,,N,,,,,19ARMI2023,,0,0,,
MatthewsPond,1,5/23/2020,BCF,2032,M,,A,,N,,,,,,,0,0,,
MatthewsPond,1,5/23/2020,BCF,2044,M,,A,,N,,,,,,,0,0,,
MatthewsPond,1,5/23/2020,BCF,2630,M,,A,,N,,,,,,,0,0,,
MatthewsPond,1,5/23/2020,BCF,2702,M,,A,,N,,,,,,,0,0,,
MatthewsPond,1,5/23/2020,BCF,2713,M,,A,,N,,,,,19ARMI2013,,0,0,,
MatthewsPond,1,5/23/2020,BCF,2723,M,,A,,N,,,,,18ARMI1017,,0,0,,
MatthewsPond,1,5/23/2020,BCF,2724,M,,A,,N,,,,,19ARMI2872,,0,0,,
MatthewsPond,1,5/23/2020,BCF,2725,M,,A,,N,,,,,19ARMI2088,,0,0,,
MatthewsPond,1,5/23/2020,BCF,2730m,M,,A,,N,,,,,19ARMI2100,,0,0,,
MatthewsPond,1,5/23/2020,BCF,2731m,M,,A,,N,,,,,19ARMI2070,,0,0,,
MatthewsPond,1,5/28/2020,BCF,2800f,F,,A,,N,,,,,,,0,0,,
MatthewsPond,1,5/28/2020,BCF,1830,M,,A,,N,,,,,,,0,0,,
MatthewsPond,1,5/28/2020,BCF,1920,M,,A,,N,,,,,,,0,0,,
MatthewsPond,1,5/28/2020,BCF,2024,M,,A,,N,,,,,,,0,0,,
MatthewsPond,1,5/28/2020,BCF,2403,M,,A,,N,,,,,,,0,0,,
MatthewsPond,1,5/28/2020,BCF,2420,M,,A,,N,,,,,,,0,0,,
MatthewsPond,1,5/28/2020,BCF,2454,M,,A,,N,,,,,,,0,0,,
MatthewsPond,1,5/28/2020,BCF,2624,M,,A,,N,,,,,,,0,0,,
MatthewsPond,1,5/28/2020,BCF,2734,M,,A,,N,,,,,19ARMI2906,,0,0,,
MatthewsPond,1,5/28/2020,BCF,2742,M,,A,,N,,,,,,,0,0,,
MatthewsPond,1,5/28/2020,BCF,2743,M,,A,,N,,,,,,,0,0,,
MatthewsPond,1,5/28/2020,BCF,2744,M,,A,,N,,,,,,,0,0,,
MatthewsPond,1,5/28/2020,BCF,2745,M,,A,,N,,,,,,,0,0,,
MatthewsPond,1,5/28/2020,BCF,2750,M,,A,,N,,,,,,,0,0,,
MatthewsPond,1,5/28/2020,BCF,2751,M,,A,,N,,,,,,,0,0,,
MatthewsPond,1,5/28/2020,BCF,2752,M,,A,,N,,,,,,,0,0,,
MatthewsPond,1,5/28/2020,BCF,2753,M,,A,,N,,,,,,,0,0,,
MatthewsPond,1,5/28/2020,BCF,2754,M,,A,,N,,,,,,,0,0,,
MatthewsPond,1,5/28/2020,BCF,2755,M,,A,,N,,,,,,,0,0,,
MatthewsPond,1,5/28/2020,BCF,2800m,M,,A,,N,,,,,,,0,0,,
MatthewsPond,1,5/28/2020,BCF,2801,M,,A,,N,,,,,,,0,0,,
MatthewsPond,1,5/28/2020,BCF,2802,M,,A,,N,,,,,,,0,0,,
MatthewsPond,1,5/28/2020,BCF,2803,M,,A,,N,,,,,,,0,0,,
MatthewsPond,1,5/28/2020,BCF,2804,M,,A,,N,,,,,,,0,0,,
MatthewsPond,1,5/28/2020,BCF,2805,M,,A,,N,,,,,,,0,0,,
MatthewsPond,1,5/19/2021,BCF,2830f,F,,A,,N,,,,,,,0,0,,
MatthewsPond,1,5/19/2021,BCF,2034,M,,A,,N,,,,,,,0,0,,
MatthewsPond,1,5/19/2021,BCF,2450,M,,A,,N,,,,,,,0,0,,
MatthewsPond,1,5/19/2021,BCF,2814,M,,A,,N,,,,,21ARMI1302,,0,0,,
MatthewsPond,1,5/19/2021,BCF,2831,M,,A,,N,,,,,,,0,0,,
MatthewsPond,1,5/19/2021,BCF,2832,M,,A,,N,,,,,,,0,0,,
MatthewsPond,1,5/21/2021,BCF,2835f,F,,A,,N,,,,,19ARMI2165,,0,0,,
MatthewsPond,1,5/21/2021,BCF,2840f,F,,A,,N,,,,,19ARMI2231,,0,0,,
MatthewsPond,1,5/21/2021,BCF,2841,F,,A,,N,,,,,19ARMI2272,,0,0,,
MatthewsPond,1,5/21/2021,BCF,2842,F,,A,,N,,,,,19ARMI2751,,0,0,,
MatthewsPond,1,5/21/2021,BCF,2843f,F,,A,,N,,,,,21ARMI1312,,0,0,,
MatthewsPond,1,5/21/2021,BCF,2032,M,,A,,N,,,,,,,0,0,,
MatthewsPond,1,5/21/2021,BCF,2443,M,,A,,N,,,,,,,0,0,,
MatthewsPond,1,5/21/2021,BCF,2454,M,,A,,N,,,,,,,0,0,,
MatthewsPond,1,5/21/2021,BCF,2641,M,,A,,N,,,,,,,0,0,,
MatthewsPond,1,5/21/2021,BCF,2644,M,,A,,N,,,,,,,0,0,,
MatthewsPond,1,5/21/2021,BCF,2714,M,,A,,N,,,,,,,0,0,,
MatthewsPond,1,5/21/2021,BCF,2814,M,,A,,N,,,,,,,0,0,,
MatthewsPond,1,5/21/2021,BCF,2835m,M,,A,,N,,,,,19ARMI2167,,0,0,,
MatthewsPond,1,5/21/2021,BCF,2840m,M,,A,,N,,,,,19ARMI2212,,0,0,,
MatthewsPond,1,5/21/2021,BCF,2843m,M,,A,,N,,,,,19ARMI2208,,0,0,,
MatthewsPond,1,5/21/2021,BCF,2844,M,,A,,N,,,,,19ARMI2260,,0,0,,
MatthewsPond,1,5/21/2021,BCF,2845,M,,A,,N,,,,,19ARMI2084,,0,0,,
MatthewsPond,1,5/21/2021,BCF,2850,M,,A,,N,,,,,19ARMI2874,,0,0,,
MatthewsPond,1,5/21/2021,BCF,2851,M,,A,,N,,,,,19ARMI2155,,0,0,,
MatthewsPond,1,5/21/2021,BCF,2852,M,,A,,N,,,,,19ARMI2205,,0,0,,
MatthewsPond,1,5/21/2021,BCF,2853,M,,A,,N,,,,,21ARMI1319,,0,0,,
MatthewsPond,1,5/21/2021,BCF,2854,M,,A,,N,,,,,,,0,0,,
MatthewsPond,1,5/21/2021,BCF,2855,M,,A,,N,,,,,,,0,0,,
MatthewsPond,1,5/21/2021,BCF,3201,M,,A,,N,,,,,,,0,0,,
MatthewsPond,1,5/21/2021,BCF,3202,M,,A,,N,,,,,,,0,0,,
MatthewsPond,1,5/21/2021,BCF,3203,M,,A,,N,,,,,,,0,0,,
MatthewsPond,1,5/21/2021,BCF,3204,M,,A,,N,,,,,,,0,0,,
MatthewsPond,1,5/21/2021,BCF,3205,M,,A,,N,,,,,,,0,0,,
MatthewsPond,1,5/21/2021,BCF,3210,M,,A,,N,,,,,,,0,0,,
MatthewsPond,1,5/21/2021,BCF,3211,M,,A,,N,,,,,,,0,0,,
MatthewsPond,1,5/23/2021,BCF,3212,F,,A,,N,,,,,,,0,0,,
MatthewsPond,1,5/23/2021,BCF,2640,F,,A,,N,,,,,,,0,0,,
MatthewsPond,1,5/23/2021,BCF,3213f,F,,A,,N,,,,,,,0,0,,
MatthewsPond,1,5/23/2021,BCF,3214f,F,,A,,N,,,,,,,0,0,,
MatthewsPond,1,5/23/2021,BCF,3215f,F,,A,,N,,,,,,,0,0,,
MatthewsPond,1,5/23/2021,BCF,3220f,F,,A,,N,,,,,,,0,0,,
MatthewsPond,1,5/23/2021,BCF,3230f,F,,A,,N,,,,,,,0,0,,
MatthewsPond,1,5/23/2021,BCF,2024,M,,A,,N,,,,,,,0,0,,
MatthewsPond,1,5/23/2021,BCF,2443,M,,A,,N,,,,,,,0,0,,
MatthewsPond,1,5/23/2021,BCF,2641,M,,A,,N,,,,,,,0,0,,
MatthewsPond,1,5/23/2021,BCF,2644,M,,A,,N,,,,,,,0,0,,
MatthewsPond,1,5/23/2021,BCF,2655,M,,A,,N,,,,,,,0,0,,
MatthewsPond,1,5/23/2021,BCF,2714,M,,A,,N,,,,,,,0,0,,
MatthewsPond,1,5/23/2021,BCF,2724,M,,A,,N,,,,,,,0,0,,
MatthewsPond,1,5/23/2021,BCF,2730,M,,A,,N,,,,,,,0,0,,
MatthewsPond,1,5/23/2021,BCF,2805,M,,A,,N,,,,,,,0,0,,
MatthewsPond,1,5/23/2021,BCF,2820,M,,A,,N,,,,,,,0,0,,
MatthewsPond,1,5/23/2021,BCF,3203,M,,A,,N,,,,,,,0,0,,
MatthewsPond,1,5/23/2021,BCF,3205,M,,A,,N,,,,,,,0,0,,
MatthewsPond,1,5/23/2021,BCF,3210,M,,A,,N,,,,,,,0,0,,
MatthewsPond,1,5/23/2021,BCF,3212,M,,A,,N,,,,,,,0,0,,
MatthewsPond,1,5/23/2021,BCF,3213m,M,,A,,N,,,,,,,0,0,,
MatthewsPond,1,5/23/2021,BCF,3214m,M,,A,,N,,,,,,,0,0,,
MatthewsPond,1,5/23/2021,BCF,3215m,M,,A,,N,,,,,,,0,0,,
MatthewsPond,1,5/23/2021,BCF,3220m,M,,A,,N,,,,,,,0,0,,
MatthewsPond,1,5/23/2021,BCF,3221,M,,A,,N,,,,,,,0,0,,
MatthewsPond,1,5/23/2021,BCF,3222,M,,A,,N,,,,,,,0,0,,
MatthewsPond,1,5/23/2021,BCF,3223,M,,A,,N,,,,,,,0,0,,
MatthewsPond,1,5/23/2021,BCF,3224,M,,A,,N,,,,,,,0,0,,
MatthewsPond,1,5/23/2021,BCF,3225,M,,A,,N,,,,,,,0,0,,
MatthewsPond,1,5/23/2021,BCF,3230m,M,,A,,N,,,,,,,0,0,,
MatthewsPond,1,5/23/2021,BCF,3231,M,,A,,N,,,,,,,0,0,,
MatthewsPond,1,5/23/2021,BCF,rdistalstumps,M,,A,,N,,,,,,,0,0,,